Series Name,"Series Code","Country Name","Country Code","2000 [YR2000]","2001 [YR2001]","2002 [YR2002]","2003 [YR2003]","2004 [YR2004]","2005 [YR2005]","2006 [YR2006]","2007 [YR2007]","2008 [YR2008]","2009 [YR2009]","2010 [YR2010]","2011 [YR2011]","2012 [YR2012]","2013 [YR2013]","2014 [YR2014]","2015 [YR2015]","2016 [YR2016]","2017 [YR2017]","2018 [YR2018]","2019 [YR2019]","2020 [YR2020]"
"Life expectancy at birth, total (years)","SP.DYN.LE00.IN","Syrian Arab Republic","SYR","73.11","73.371","73.663","73.967","74.25","74.43","74.412","74.152","73.647","72.938","72.108","71.27","70.55","70.049","69.821","69.908","70.315","70.967","71.779","72.697","73.651"
"Life expectancy at birth, total (years)","SP.DYN.LE00.IN","St. Vincent and the Grenadines","VCT","70.809","70.882","70.977","71.087","71.208","71.331","71.449","71.554","71.643","71.716","71.776","71.827","71.879","71.939","72.01","72.095","72.193","72.3","72.415","72.534","72.658"
"Life expectancy at birth, total (years)","SP.DYN.LE00.IN","Libya","LBY","70.852","71.038","71.244","71.466","71.693","71.902","72.063","72.155","72.174","72.129","72.044","71.956","71.901","71.907","71.981","72.121","72.311","72.52","72.724","72.913","73.082"
"Life expectancy at birth, total (years)","SP.DYN.LE00.IN","Paraguay","PRY","70.546","70.786","71.023","71.249","71.464","71.667","71.862","72.055","72.251","72.45","72.653","72.86","73.068","73.274","73.473","73.662","73.836","73.992","74.131","74.254","74.363"
"Life expectancy at birth, total (years)","SP.DYN.LE00.IN","Yemen, Rep.","YEM","60.683","61.216","61.781","62.358","62.931","63.481","63.997","64.47","64.892","65.255","65.549","65.768","65.92","66.016","66.066","66.085","66.087","66.086","66.096","66.125","66.181"
"Life expectancy at birth, total (years)","SP.DYN.LE00.IN","Iraq","IRQ","69.082","68.983","68.827","68.636","68.437","68.266","68.157","68.13","68.19","68.34","68.567","68.848","69.148","69.437","69.7","69.929","70.122","70.294","70.454","70.604","70.748"
"Life expectancy at birth, total (years)","SP.DYN.LE00.IN","Grenada","GRD","72.648","72.805","72.929","73.023","73.088","73.123","73.125","73.096","73.038","72.96","72.867","72.768","72.669","72.579","72.503","72.445","72.408","72.388","72.384","72.397","72.426"
"Life expectancy at birth, total (years)","SP.DYN.LE00.IN","Romania","ROU","71.1634146341463","71.1609756097561","71.009756097561","71.309756097561","71.5609756097561","71.9121951219512","72.1634146341463","72.5658536585366","72.5658536585366","73.309756097561","73.4585365853659","74.409756097561","74.4121951219512","75.0634146341463","74.909756097561","74.9121951219512","75.209756097561","75.309756097561","75.3585365853659","75.6073170731707","74.3536585365854"
"Life expectancy at birth, total (years)","SP.DYN.LE00.IN","Estonia","EST","70.4170731707317","70.2585365853659","70.9048780487805","71.3170731707317","71.909756097561","72.5682926829268","72.6914634146341","72.8146341463415","73.7707317073171","74.8243902439024","75.4292682926829","76.2292682926829","76.3268292682927","77.1414634146341","77.0341463414634","77.590243902439","77.6414634146342","78.0926829268293","78.2439024390244","78.6463414634147","78.3463414634146"
"Life expectancy at birth, total (years)","SP.DYN.LE00.IN","Afghanistan","AFG","55.841","56.308","56.784","57.271","57.772","58.29","58.826","59.375","59.93","60.484","61.028","61.553","62.054","62.525","62.966","63.377","63.763","64.13","64.486","64.833","65.173"
"Life expectancy at birth, total (years)","SP.DYN.LE00.IN","Albania","ALB","73.955","74.288","74.579","74.828","75.039","75.228","75.423","75.646","75.912","76.221","76.562","76.914","77.252","77.554","77.813","78.025","78.194","78.333","78.458","78.573","78.686"
"Life expectancy at birth, total (years)","SP.DYN.LE00.IN","Algeria","DZA","70.64","71.116","71.605","72.101","72.594","73.072","73.521","73.936","74.311","74.644","74.938","75.199","75.436","75.661","75.878","76.09","76.298","76.499","76.693","76.88","77.063"
"Life expectancy at birth, total (years)","SP.DYN.LE00.IN","American Samoa","ASM","NA","NA","NA","NA","NA","NA","NA","NA","NA","NA","NA","NA","NA","NA","NA","NA","NA","NA","NA","NA","NA"
"Life expectancy at birth, total (years)","SP.DYN.LE00.IN","Andorra","AND","NA","NA","NA","NA","NA","NA","NA","NA","NA","NA","NA","NA","NA","NA","NA","NA","NA","NA","NA","NA","NA"
"Life expectancy at birth, total (years)","SP.DYN.LE00.IN","Angola","AGO","46.522","47.059","47.702","48.44","49.263","50.165","51.143","52.177","53.243","54.311","55.35","56.33","57.236","58.054","58.776","59.398","59.925","60.379","60.782","61.147","61.487"
"Life expectancy at birth, total (years)","SP.DYN.LE00.IN","Antigua and Barbuda","ATG","73.94","74.171","74.395","74.613","74.821","75.019","75.204","75.376","75.535","75.683","75.823","75.956","76.087","76.218","76.349","76.483","76.617","76.752","76.885","77.016","77.146"
"Life expectancy at birth, total (years)","SP.DYN.LE00.IN","Argentina","ARG","73.576","73.755","73.932","74.107","74.28","74.451","74.62","74.787","74.952","75.116","75.278","75.439","75.598","75.756","75.913","76.068","76.221","76.372","76.52","76.667","76.813"
"Life expectancy at birth, total (years)","SP.DYN.LE00.IN","Armenia","ARM","71.409","71.8","72.112","72.348","72.513","72.626","72.716","72.815","72.946","73.118","73.331","73.572","73.82","74.056","74.273","74.467","74.64","74.797","74.945","75.087","75.224"
"Life expectancy at birth, total (years)","SP.DYN.LE00.IN","Aruba","ABW","73.787","73.853","73.937","74.038","74.156","74.287","74.429","74.576","74.725","74.872","75.017","75.158","75.299","75.441","75.583","75.725","75.868","76.01","76.152","76.293","76.434"
"Life expectancy at birth, total (years)","SP.DYN.LE00.IN","Australia","AUS","79.2341463414634","79.6341463414634","79.9365853658537","80.2390243902439","80.490243902439","80.8414634146341","81.0414634146342","81.2926829268293","81.3951219512195","81.5439024390244","81.6951219512195","81.8951219512195","82.0463414634146","82.1487804878049","82.3","82.4","82.4487804878049","82.5","82.7487804878049","82.9","83.2"
"Life expectancy at birth, total (years)","SP.DYN.LE00.IN","Austria","AUT","78.1268292682927","78.5756097560976","78.6780487804878","78.6317073170732","79.1804878048781","79.3317073170732","79.8804878048781","80.1804878048781","80.4317073170732","80.3317073170732","80.5804878048781","80.9829268292683","80.9365853658537","81.1365853658537","81.490243902439","81.190243902439","81.6414634146342","81.6439024390244","81.6926829268293","81.8951219512195","81.1926829268293"
"Life expectancy at birth, total (years)","SP.DYN.LE00.IN","Azerbaijan","AZE","66.763","67.054","67.391","67.791","68.249","68.747","69.259","69.752","70.201","70.597","70.938","71.234","71.506","71.768","72.022","72.266","72.493","72.693","72.864","73.005","73.123"
"Life expectancy at birth, total (years)","SP.DYN.LE00.IN","Bahamas, The","BHS","71.914","71.954","71.977","71.986","71.988","71.987","71.988","71.998","72.022","72.067","72.144","72.263","72.424","72.62","72.847","73.088","73.329","73.554","73.752","73.918","74.053"
"Life expectancy at birth, total (years)","SP.DYN.LE00.IN","Bahrain","BHR","74.44","74.635","74.822","74.999","75.167","75.326","75.478","75.625","75.77","75.913","76.057","76.2","76.342","76.484","76.624","76.762","76.899","77.032","77.163","77.292","77.419"
"Life expectancy at birth, total (years)","SP.DYN.LE00.IN","Bangladesh","BGD","65.447","65.956","66.43","66.886","67.331","67.773","68.213","68.648","69.072","69.485","69.881","70.256","70.606","70.93","71.231","71.514","71.785","72.052","72.32","72.591","72.868"
"Life expectancy at birth, total (years)","SP.DYN.LE00.IN","Barbados","BRB","77.162","77.362","77.534","77.682","77.808","77.915","78.009","78.097","78.184","78.272","78.364","78.456","78.547","78.633","78.717","78.801","78.888","78.981","79.081","79.19","79.308"
"Life expectancy at birth, total (years)","SP.DYN.LE00.IN","Belarus","BLR","68.9121951219512","68.5073170731707","68.0560975609756","68.5536585365854","68.9560975609756","68.8512195121951","69.4048780487805","70.2073170731707","70.4560975609756","70.4073170731707","70.4048780487805","70.5536585365854","71.9658536585366","72.4707317073171","72.9707317073171","73.6243902439025","73.8268292682927","74.1292682926829","74.1756097560976","74.2268292682927","74.2268292682927"
"Life expectancy at birth, total (years)","SP.DYN.LE00.IN","Belgium","BEL","77.7219512195122","77.9731707317073","78.0756097560976","78.1292682926829","78.8780487804878","78.9804878048781","79.380487804878","79.7829268292683","79.6804878048781","80.0341463414634","80.1829268292683","80.5853658536585","80.3853658536585","80.5878048780488","81.2878048780488","80.9926829268293","81.4390243902439","81.4926829268293","81.5951219512195","81.9951219512195","80.7951219512195"
"Life expectancy at birth, total (years)","SP.DYN.LE00.IN","Belize","BLZ","68.847","69.04","69.272","69.511","69.749","69.998","70.286","70.636","71.059","71.541","72.057","72.57","73.044","73.452","73.782","74.034","74.219","74.365","74.496","74.623","74.754"
"Life expectancy at birth, total (years)","SP.DYN.LE00.IN","Benin","BEN","55.391","55.668","56.025","56.436","56.887","57.355","57.817","58.255","58.654","59.009","59.318","59.59","59.842","60.092","60.345","60.608","60.885","61.174","61.47","61.771","62.077"
"Life expectancy at birth, total (years)","SP.DYN.LE00.IN","Bermuda","BMU","77.8853658536585","77.8853658536585","78.0878048780488","78.3341463414634","78.4853658536585","78.6853658536586","78.8878048780488","78.9341463414634","79.2365853658537","79.3884390243903","79.2885365853658","81.1526829268293","81.6778048780488","80.5724390243902","80.7973170731707","81.0121951219512","81.2270731707317","81.4419512195122","81.6517073170732","81.8665853658537","82.0560975609756"
"Life expectancy at birth, total (years)","SP.DYN.LE00.IN","Bhutan","BTN","60.884","61.808","62.728","63.624","64.483","65.289","66.031","66.709","67.325","67.882","68.384","68.84","69.263","69.662","70.046","70.419","70.781","71.129","71.46","71.777","72.08"
"Life expectancy at birth, total (years)","SP.DYN.LE00.IN","Bolivia","BOL","62.452","63.054","63.64","64.21","64.766","65.312","65.853","66.395","66.937","67.476","68.007","68.521","69.01","69.468","69.891","70.277","70.626","70.945","71.239","71.513","71.771"
"Life expectancy at birth, total (years)","SP.DYN.LE00.IN","Bosnia and Herzegovina","BIH","74.403","74.637","74.803","74.941","75.068","75.198","75.342","75.498","75.665","75.844","76.031","76.219","76.401","76.569","76.723","76.865","76.998","77.128","77.262","77.401","77.545"
"Life expectancy at birth, total (years)","SP.DYN.LE00.IN","Botswana","BWA","50.629","50.281","50.232","50.518","51.15","52.13","53.435","54.983","56.679","58.447","60.211","61.91","63.511","64.976","66.265","67.338","68.178","68.812","69.275","69.592","69.793"
"Life expectancy at birth, total (years)","SP.DYN.LE00.IN","Brazil","BRA","70.116","70.462","70.813","71.17","71.531","71.896","72.26","72.618","72.966","73.3","73.619","73.921","74.209","74.483","74.745","74.994","75.23","75.456","75.672","75.881","76.084"
"Life expectancy at birth, total (years)","SP.DYN.LE00.IN","British Virgin Islands","VGB","NA","NA","NA","NA","NA","NA","NA","NA","NA","NA","NA","NA","NA","NA","NA","NA","NA","NA","NA","NA","NA"
"Life expectancy at birth, total (years)","SP.DYN.LE00.IN","Brunei Darussalam","BRN","72.809","73.076","73.332","73.575","73.801","74.006","74.189","74.351","74.494","74.623","74.74","74.852","74.962","75.075","75.193","75.318","75.45","75.585","75.722","75.86","75.998"
"Life expectancy at birth, total (years)","SP.DYN.LE00.IN","Bulgaria","BGR","71.6634146341463","71.7682926829268","71.8658536585366","72.0658536585366","72.5634146341463","72.5609756097561","72.6121951219512","72.6634146341463","72.9634146341463","73.4121951219512","73.5121951219512","74.1634146341463","74.3146341463415","74.8609756097561","74.4658536585366","74.6146341463415","74.8121951219512","74.8146341463415","74.9634146341464","75.1121951219512","73.6073170731707"
"Life expectancy at birth, total (years)","SP.DYN.LE00.IN","Burkina Faso","BFA","50.489","50.893","51.384","51.956","52.602","53.31","54.063","54.841","55.618","56.377","57.096","57.761","58.374","58.937","59.45","59.919","60.354","60.768","61.174","61.577","61.981"
"Life expectancy at birth, total (years)","SP.DYN.LE00.IN","Burundi","BDI","49.091","49.93","50.81","51.69","52.547","53.369","54.163","54.944","55.721","56.488","57.228","57.925","58.568","59.148","59.665","60.123","60.528","60.898","61.247","61.584","61.916"
"Life expectancy at birth, total (years)","SP.DYN.LE00.IN","Cabo Verde","CPV","68.583","69.099","69.557","69.932","70.219","70.424","70.565","70.676","70.786","70.911","71.062","71.243","71.445","71.661","71.886","72.117","72.347","72.57","72.782","72.981","73.166"
"Life expectancy at birth, total (years)","SP.DYN.LE00.IN","Cambodia","KHM","58.432","59.335","60.283","61.241","62.186","63.088","63.927","64.697","65.394","66.014","66.56","67.043","67.48","67.888","68.273","68.637","68.977","69.289","69.57","69.823","70.054"
"Life expectancy at birth, total (years)","SP.DYN.LE00.IN","Cameroon","CMR","50.993","51.222","51.536","51.908","52.321","52.76","53.215","53.681","54.153","54.627","55.101","55.581","56.073","56.576","57.083","57.583","58.063","58.511","58.921","59.292","59.626"
"Life expectancy at birth, total (years)","SP.DYN.LE00.IN","Canada","CAN","79.1365853658537","79.3390243902439","79.490243902439","79.7414634146342","79.8926829268293","80.1926829268293","80.3439024390244","80.5439024390244","80.6951219512195","80.9951219512195","81.2463414634146","81.4487804878049","81.6487804878049","81.7487804878049","81.8","81.9","81.9","81.9","82.0487804878049","82.0487804878049","81.7487804878049"
"Life expectancy at birth, total (years)","SP.DYN.LE00.IN","Cayman Islands","CYM","NA","NA","NA","NA","NA","NA","NA","NA","NA","NA","82.190243902439","NA","NA","NA","NA","NA","NA","NA","NA","NA","NA"
"Life expectancy at birth, total (years)","SP.DYN.LE00.IN","Central African Republic","CAF","44.19","44.061","44.063","44.182","44.413","44.744","45.158","45.636","46.161","46.719","47.312","47.95","48.638","49.371","50.129","50.881","51.593","52.24","52.805","53.283","53.679"
"Life expectancy at birth, total (years)","SP.DYN.LE00.IN","Chad","TCD","47.713","47.789","47.9","48.057","48.27","48.549","48.907","49.335","49.82","50.346","50.89","51.424","51.928","52.386","52.789","53.137","53.438","53.712","53.977","54.239","54.505"
"Life expectancy at birth, total (years)","SP.DYN.LE00.IN","Channel Islands","CHI","79.037","79.3","79.548","79.795","80.045","80.298","80.553","80.802","81.041","81.268","81.483","81.688","81.883","82.071","82.252","82.429","82.6","82.766","82.928","83.086","83.24"
"Life expectancy at birth, total (years)","SP.DYN.LE00.IN","Chile","CHL","76.366","76.634","76.894","77.146","77.391","77.63","77.865","78.099","78.33","78.558","78.779","78.986","79.176","79.349","79.504","79.646","79.779","79.909","80.042","80.181","80.329"
"Life expectancy at birth, total (years)","SP.DYN.LE00.IN","China","CHN","71.397","71.732","72.061","72.381","72.689","72.985","73.271","73.553","73.835","74.119","74.409","74.708","75.013","75.321","75.629","75.928","76.21","76.47","76.704","76.912","77.097"
"Life expectancy at birth, total (years)","SP.DYN.LE00.IN","Colombia","COL","72.945","73.241","73.517","73.777","74.026","74.265","74.5","74.732","74.962","75.193","75.424","75.655","75.882","76.105","76.322","76.531","76.732","76.925","77.109","77.287","77.46"
"Life expectancy at birth, total (years)","SP.DYN.LE00.IN","Comoros","COM","59.46","59.529","59.617","59.738","59.904","60.126","60.407","60.734","61.094","61.475","61.862","62.24","62.595","62.922","63.214","63.471","63.7","63.912","64.118","64.321","64.525"
"Life expectancy at birth, total (years)","SP.DYN.LE00.IN","Congo, Dem. Rep.","COD","50.041","50.667","51.385","52.144","52.917","53.675","54.401","55.091","55.743","56.35","56.909","57.427","57.914","58.381","58.828","59.254","59.655","60.026","60.368","60.681","60.971"
"Life expectancy at birth, total (years)","SP.DYN.LE00.IN","Congo, Rep.","COG","52.123","52.517","53.091","53.817","54.667","55.6","56.573","57.541","58.466","59.321","60.093","60.785","61.423","62.022","62.582","63.097","63.556","63.954","64.29","64.57","64.804"
"Life expectancy at birth, total (years)","SP.DYN.LE00.IN","Costa Rica","CRI","77.452","77.601","77.74","77.871","77.996","78.117","78.239","78.362","78.491","78.626","78.769","78.919","79.074","79.234","79.398","79.565","79.738","79.914","80.095","80.279","80.465"
"Life expectancy at birth, total (years)","SP.DYN.LE00.IN","Cote d'Ivoire","CIV","49.635","49.495","49.475","49.572","49.788","50.12","50.561","51.091","51.682","52.313","52.964","53.62","54.271","54.906","55.508","56.065","56.567","57.017","57.422","57.783","58.104"
"Life expectancy at birth, total (years)","SP.DYN.LE00.IN","Croatia","HRV","72.8078048780488","74.5129268292683","74.7173170731707","74.6139024390244","75.520243902439","75.2446341463415","75.8368292682927","75.7056097560976","75.9121951219512","76.1682926829268","76.4756097560976","76.7756097560976","76.9243902439024","77.1268292682927","77.4780487804878","77.2756097560976","78.0219512195122","77.8268292682927","78.0707317073171","78.4243902439025","77.7243902439024"
"Life expectancy at birth, total (years)","SP.DYN.LE00.IN","Cuba","CUB","76.699","76.905","77.105","77.303","77.499","77.688","77.864","78.019","78.15","78.256","78.338","78.4","78.446","78.485","78.521","78.561","78.607","78.662","78.726","78.802","78.892"
"Life expectancy at birth, total (years)","SP.DYN.LE00.IN","Curacao","CUW","NA","NA","NA","NA","NA","NA","74.709756097561","75.3634146341464","75.309756097561","76.1560975609756","NA","77.4731707317073","77.5243902439024","77.8268292682927","77.9756097560976","78.0756097560976","77.719512195122","78.0170731707317","NA","NA","NA"
"Life expectancy at birth, total (years)","SP.DYN.LE00.IN","Cyprus","CYP","78.009","78.139","78.264","78.385","78.506","78.63","78.764","78.91","79.071","79.245","79.43","79.621","79.812","79.999","80.178","80.35","80.513","80.672","80.828","80.982","81.135"
"Life expectancy at birth, total (years)","SP.DYN.LE00.IN","Czechia","CZE","74.9682926829268","75.1731707317073","75.2219512195122","75.1707317073171","75.7219512195122","75.9243902439025","76.5243902439024","76.7243902439025","76.9756097560976","77.0780487804878","77.4243902439025","77.8731707317073","78.0756097560976","78.1756097560976","78.8243902439024","78.5780487804878","79.0268292682927","78.9780487804878","79.0292682926829","79.2292682926829","78.2268292682927"
"Life expectancy at birth, total (years)","SP.DYN.LE00.IN","Denmark","DNK","76.5926829268293","76.7926829268293","76.8951219512195","77.1439024390244","77.4926829268293","77.8439024390244","78.0951219512195","78.1951219512195","78.4463414634146","78.5975609756098","79.1","79.8","80.0512195121951","80.3","80.7","80.7024390243902","80.8536585365854","81.1024390243903","80.9536585365854","81.4512195121951","81.5512195121951"
"Life expectancy at birth, total (years)","SP.DYN.LE00.IN","Djibouti","DJI","57.022","57.1","57.235","57.427","57.682","57.991","58.34","58.719","59.124","59.561","60.062","60.667","61.395","62.239","63.171","64.136","65.064","65.893","66.582","67.112","67.49"
"Life expectancy at birth, total (years)","SP.DYN.LE00.IN","Dominica","DMA","NA","NA","76.5975609756098","NA","NA","NA","NA","NA","NA","NA","NA","NA","NA","NA","NA","NA","NA","NA","NA","NA","NA"
"Life expectancy at birth, total (years)","SP.DYN.LE00.IN","Dominican Republic","DOM","69.429","69.69","69.957","70.227","70.499","70.771","71.041","71.304","71.559","71.806","72.046","72.284","72.523","72.763","73.003","73.241","73.471","73.689","73.892","74.081","74.257"
"Life expectancy at birth, total (years)","SP.DYN.LE00.IN","Ecuador","ECU","72.761","73.078","73.371","73.641","73.887","74.112","74.319","74.514","74.705","74.895","75.089","75.289","75.495","75.707","75.923","76.143","76.365","76.584","76.8","77.01","77.216"
"Life expectancy at birth, total (years)","SP.DYN.LE00.IN","Egypt, Arab Rep.","EGY","68.602","68.796","68.961","69.116","69.271","69.434","69.608","69.788","69.971","70.159","70.349","70.543","70.736","70.928","71.117","71.302","71.482","71.656","71.825","71.99","72.15"
"Life expectancy at birth, total (years)","SP.DYN.LE00.IN","El Salvador","SLV","68.875","69.162","69.432","69.68","69.908","70.124","70.333","70.542","70.756","70.978","71.21","71.449","71.692","71.935","72.175","72.412","72.644","72.872","73.096","73.317","73.533"
"Life expectancy at birth, total (years)","SP.DYN.LE00.IN","Equatorial Guinea","GNQ","53.279","53.581","53.84","54.064","54.263","54.449","54.638","54.842","55.07","55.329","55.622","55.945","56.288","56.642","57.001","57.359","57.713","58.061","58.402","58.735","59.057"
"Life expectancy at birth, total (years)","SP.DYN.LE00.IN","Eritrea","ERI","55.273","55.864","56.5","57.191","57.932","58.707","59.487","60.243","60.952","61.602","62.193","62.732","63.238","63.726","64.201","64.664","65.111","65.538","65.941","66.321","66.679"
"Life expectancy at birth, total (years)","SP.DYN.LE00.IN","Eswatini","SWZ","47.49","45.799","44.41","43.372","42.731","42.518","42.733","43.308","44.17","45.275","46.601","48.141","49.862","51.699","53.569","55.359","56.962","58.319","59.401","60.194","60.721"
"Life expectancy at birth, total (years)","SP.DYN.LE00.IN","Ethiopia","ETH","51.941","52.595","53.349","54.211","55.174","56.223","57.334","58.467","59.581","60.645","61.627","62.505","63.281","63.961","64.547","65.048","65.482","65.872","66.24","66.597","66.953"
"Life expectancy at birth, total (years)","SP.DYN.LE00.IN","Faroe Islands","FRO","78.4365853658537","78.6414634146341","78.8439024390244","78.9439024390244","79.0926829268293","79.290243902439","79.6390243902439","79.9878048780488","80.1365853658537","80.3853658536585","80.6878048780488","80.9390243902439","81.190243902439","81.4414634146341","81.5926829268293","81.7926829268293","82.0926829268293","82.2926829268293","82.5439024390244","82.7926829268293","83.0926829268293"
"Life expectancy at birth, total (years)","SP.DYN.LE00.IN","Fiji","FJI","65.687","65.863","66.022","66.152","66.247","66.313","66.362","66.413","66.477","66.559","66.655","66.759","66.859","66.95","67.03","67.103","67.175","67.252","67.341","67.444","67.561"
"Life expectancy at birth, total (years)","SP.DYN.LE00.IN","Finland","FIN","77.4658536585366","77.9658536585366","78.119512195122","78.3682926829268","78.7146341463415","78.8170731707317","79.2146341463415","79.2634146341464","79.5682926829268","79.719512195122","79.8707317073171","80.4707317073171","80.6268292682927","80.9756097560976","81.1804878048781","81.4804878048781","81.4292682926829","81.6317073170732","81.7341463414634","81.9829268292683","82.1317073170732"
"Life expectancy at birth, total (years)","SP.DYN.LE00.IN","France","FRA","79.0560975609756","79.1585365853659","79.2609756097561","79.1146341463415","80.1634146341463","80.1634146341463","80.8121951219512","81.1121951219512","81.2146341463415","81.4146341463415","81.6634146341463","82.1146341463415","81.9682926829268","82.219512195122","82.719512195122","82.3219512195122","82.5731707317073","82.5756097560976","82.6756097560976","82.8268292682927","82.1756097560976"
"Life expectancy at birth, total (years)","SP.DYN.LE00.IN","French Polynesia","PYF","72.303","72.658","73.017","73.382","73.751","74.116","74.466","74.793","75.092","75.363","75.611","75.844","76.074","76.307","76.546","76.787","77.024","77.251","77.462","77.657","77.836"
"Life expectancy at birth, total (years)","SP.DYN.LE00.IN","Gabon","GAB","58.264","57.968","57.791","57.759","57.885","58.181","58.641","59.229","59.904","60.637","61.4","62.168","62.924","63.648","64.318","64.913","65.418","65.839","66.187","66.467","66.69"
"Life expectancy at birth, total (years)","SP.DYN.LE00.IN","Gambia, The","GMB","55.956","56.359","56.761","57.159","57.553","57.939","58.313","58.671","59.012","59.334","59.637","59.917","60.178","60.426","60.667","60.91","61.166","61.44","61.735","62.05","62.383"
"Life expectancy at birth, total (years)","SP.DYN.LE00.IN","Georgia","GEO","69.902","70.065","70.22","70.349","70.451","70.538","70.635","70.765","70.946","71.18","71.46","71.773","72.097","72.412","72.707","72.973","73.207","73.414","73.6","73.767","73.919"
"Life expectancy at birth, total (years)","SP.DYN.LE00.IN","Germany","DEU","77.9268292682927","78.3292682926829","78.2292682926829","78.3804878048781","78.6804878048781","78.9317073170732","79.1317073170732","79.5341463414634","79.7365853658537","79.8365853658537","79.9878048780488","80.4365853658537","80.5390243902439","80.490243902439","81.090243902439","80.6414634146341","80.990243902439","80.9926829268293","80.8926829268293","81.2926829268293","80.9414634146342"
"Life expectancy at birth, total (years)","SP.DYN.LE00.IN","Ghana","GHA","57.002","57.158","57.425","57.785","58.225","58.719","59.234","59.741","60.216","60.645","61.03","61.381","61.72","62.064","62.416","62.772","63.124","63.463","63.78","64.074","64.347"
"Life expectancy at birth, total (years)","SP.DYN.LE00.IN","Gibraltar","GIB","NA","NA","NA","NA","NA","NA","NA","NA","NA","NA","NA","NA","NA","NA","NA","NA","NA","NA","NA","NA","NA"
"Life expectancy at birth, total (years)","SP.DYN.LE00.IN","Greece","GRC","77.8878048780488","78.3878048780488","78.6414634146341","78.8414634146341","79.0390243902439","79.2390243902439","79.4390243902439","79.4390243902439","79.9390243902439","80.1878048780488","80.3878048780488","80.7317073170732","80.6341463414634","81.2853658536585","81.3853658536585","81.0365853658537","81.3878048780488","81.2878048780488","81.7878048780488","81.6390243902439","81.0878048780488"
"Life expectancy at birth, total (years)","SP.DYN.LE00.IN","Greenland","GRL","66.2224390243903","66.7092682926829","67.1963414634146","68.1148780487805","68.5926829268293","68.4273170731707","68.6665853658537","69.3726829268293","70.0151219512195","70.5319512195122","70.2919512195122","69.8541463414634","70.55","71.5734146341464","71.9856097560976","71.9773170731707","71.8251219512195","71.579756097561","71.8865853658537","72.0475609756098","71.4046341463415"
"Life expectancy at birth, total (years)","SP.DYN.LE00.IN","Guam","GUM","75.011","75.373","75.726","76.065","76.387","76.687","76.966","77.227","77.474","77.71","77.941","78.173","78.408","78.649","78.895","79.144","79.391","79.631","79.859","80.074","80.277"
"Life expectancy at birth, total (years)","SP.DYN.LE00.IN","Guatemala","GTM","67.849","68.304","68.717","69.092","69.437","69.762","70.082","70.409","70.75","71.108","71.481","71.861","72.236","72.596","72.935","73.25","73.541","73.81","74.063","74.302","74.529"
"Life expectancy at birth, total (years)","SP.DYN.LE00.IN","Guinea","GIN","51.203","51.255","51.484","51.901","52.499","53.238","54.052","54.864","55.614","56.279","56.861","57.387","57.905","58.447","59.016","59.598","60.17","60.706","61.185","61.602","61.962"
"Life expectancy at birth, total (years)","SP.DYN.LE00.IN","Guinea-Bissau","GNB","50.368","50.744","51.123","51.501","51.883","52.275","52.691","53.136","53.612","54.113","54.628","55.144","55.645","56.117","56.556","56.959","57.328","57.673","58.003","58.322","58.634"
"Life expectancy at birth, total (years)","SP.DYN.LE00.IN","Guyana","GUY","65.242","65.532","65.828","66.122","66.412","66.694","66.972","67.247","67.521","67.792","68.059","68.321","68.575","68.819","69.049","69.262","69.454","69.624","69.774","69.906","70.023"
"Life expectancy at birth, total (years)","SP.DYN.LE00.IN","Haiti","HTI","57.131","57.382","57.655","57.959","58.292","58.652","59.028","59.408","59.782","60.148","60.511","60.879","61.26","61.658","62.069","62.485","62.896","63.29","63.66","64.001","64.315"
"Life expectancy at birth, total (years)","SP.DYN.LE00.IN","Honduras","HND","70.689","70.976","71.249","71.511","71.77","72.026","72.285","72.544","72.803","73.061","73.317","73.569","73.814","74.051","74.278","74.495","74.701","74.898","75.088","75.27","75.448"
"Life expectancy at birth, total (years)","SP.DYN.LE00.IN","Hong Kong SAR, China","HKG","80.8780487804878","81.4243902439025","81.4268292682927","81.3780487804878","81.8292682926829","81.6292682926829","82.3756097560976","82.3268292682927","82.3756097560976","82.7756097560976","82.9780487804878","83.4219512195122","83.4804878048781","83.8317073170732","83.9804878048781","84.2780487804878","84.2268292682927","84.6804878048781","84.9341463414634","85.0780487804878","85.3878048780488"
"Life expectancy at birth, total (years)","SP.DYN.LE00.IN","Hungary","HUN","71.2463414634146","72.2487804878049","72.3487804878049","72.3","72.6487804878049","72.6487804878049","73.0975609756098","73.1512195121951","73.7024390243903","73.9048780487805","74.2073170731707","74.8585365853659","75.0634146341463","75.5658536585366","75.7634146341463","75.5682926829269","76.0634146341464","75.8170731707317","76.0658536585366","76.3195121951219","75.6170731707317"
"Life expectancy at birth, total (years)","SP.DYN.LE00.IN","Iceland","ISL","79.6536585365854","80.690243902439","80.5024390243903","80.9634146341464","80.9975609756098","81.5024390243902","81.1585365853659","81.4536585365854","81.609756097561","81.7512195121951","81.8975609756097","82.3585365853659","82.9170731707317","82.0609756097561","82.8609756097561","82.4682926829268","82.2048780487805","82.6609756097561","82.8609756097561","83.1634146341463","83.0658536585366"
"Life expectancy at birth, total (years)","SP.DYN.LE00.IN","India","IND","62.505","62.907","63.304","63.699","64.095","64.5","64.918","65.35","65.794","66.244","66.693","67.13","67.545","67.931","68.286","68.607","68.897","69.165","69.416","69.656","69.887"
"Life expectancy at birth, total (years)","SP.DYN.LE00.IN","Indonesia","IDN","65.772","66.037","66.321","66.631","66.969","67.334","67.717","68.105","68.485","68.853","69.205","69.542","69.866","70.179","70.481","70.768","71.035","71.282","71.509","71.716","71.908"
"Life expectancy at birth, total (years)","SP.DYN.LE00.IN","Iran, Islamic Rep.","IRN","70.176","70.553","70.921","71.265","71.592","71.917","72.257","72.626","73.027","73.457","73.905","74.352","74.776","75.162","75.502","75.796","76.047","76.271","76.479","76.677","76.87"
"Life expectancy at birth, total (years)","SP.DYN.LE00.IN","Ireland","IRL","76.5365853658537","77.1341463414634","77.6341463414634","78.1390243902439","78.5390243902439","78.9439024390244","79.2414634146342","79.6414634146341","80.0951219512195","80.190243902439","80.7439024390244","80.7463414634146","80.8463414634146","80.9487804878049","81.3487804878049","81.4536585365854","81.6536585365854","82.1560975609756","82.2048780487805","82.7024390243903","82.2048780487805"
"Life expectancy at birth, total (years)","SP.DYN.LE00.IN","Isle of Man","IMN","NA","NA","77.9658536585366","NA","NA","NA","NA","NA","NA","NA","NA","NA","NA","NA","NA","NA","NA","NA","NA","NA","NA"
"Life expectancy at birth, total (years)","SP.DYN.LE00.IN","Israel","ISR","78.9536585365854","79.4073170731707","79.4512195121951","79.6487804878049","80.1463414634146","80.1512195121951","80.5536585365854","80.5048780487805","80.9512195121951","81.4048780487805","81.6024390243903","81.6560975609756","81.7048780487805","82.0560975609756","82.1536585365854","82.0512195121951","82.4073170731707","82.5512195121951","82.8024390243903","82.8048780487805","82.7"
"Life expectancy at birth, total (years)","SP.DYN.LE00.IN","Italy","ITA","79.7780487804878","80.1268292682927","80.2292682926829","79.9829268292683","80.7804878048781","80.7829268292683","81.2829268292683","81.4341463414634","81.4853658536585","81.6365853658537","82.0365853658537","82.1878048780488","82.2390243902439","82.690243902439","83.090243902439","82.5439024390244","83.2439024390244","82.9463414634147","83.3463414634146","83.4975609756098","82.3439024390244"
"Life expectancy at birth, total (years)","SP.DYN.LE00.IN","Jamaica","JAM","74.142","74.139","74.14","74.142","74.146","74.148","74.143","74.129","74.103","74.071","74.038","74.012","74.001","74.01","74.042","74.098","74.175","74.267","74.368","74.475","74.586"
"Life expectancy at birth, total (years)","SP.DYN.LE00.IN","Japan","JPN","81.0760975609756","81.4170731707317","81.5634146341463","81.76","82.030243902439","81.9251219512195","82.3219512195122","82.5070731707317","82.5875609756098","82.9314634146342","82.8426829268293","82.5912195121951","83.0960975609756","83.3319512195122","83.5878048780488","83.7939024390244","83.9848780487805","84.099756097561","84.2109756097561","84.3563414634146","84.6156097560976"
"Life expectancy at birth, total (years)","SP.DYN.LE00.IN","Jordan","JOR","71.73","71.907","72.083","72.256","72.427","72.595","72.763","72.931","73.099","73.266","73.428","73.581","73.722","73.851","73.969","74.078","74.184","74.292","74.405","74.526","74.655"
"Life expectancy at birth, total (years)","SP.DYN.LE00.IN","Kazakhstan","KAZ","65.45","65.76","65.95","65.74","66.06","65.86","66.15","66.34","67.11","68.39","68.45","68.69","69.52","70.62","71.44","71.97","72.41","72.95","73.15","73.18","71.37"
"Life expectancy at birth, total (years)","SP.DYN.LE00.IN","Kenya","KEN","50.921","51.101","51.606","52.41","53.475","54.732","56.093","57.463","58.76","59.932","60.959","61.851","62.659","63.419","64.135","64.798","65.393","65.909","66.342","66.699","66.991"
"Life expectancy at birth, total (years)","SP.DYN.LE00.IN","Kiribati","KIR","63.144","63.446","63.731","63.995","64.242","64.478","64.712","64.953","65.208","65.48","65.769","66.072","66.381","66.69","66.995","67.291","67.577","67.851","68.116","68.369","68.611"
"Life expectancy at birth, total (years)","SP.DYN.LE00.IN","Korea, Dem. People's Rep.","PRK","65.268","66.087","66.925","67.615","68.102","68.389","68.54","68.675","68.884","69.185","69.571","70.012","70.454","70.853","71.198","71.481","71.711","71.91","72.095","72.274","72.453"
"Life expectancy at birth, total (years)","SP.DYN.LE00.IN","Korea, Rep.","KOR","75.909756097561","76.4121951219512","76.7658536585366","77.2146341463415","77.6658536585366","78.1682926829268","78.6682926829268","79.119512195122","79.5170731707317","79.9682926829268","80.1170731707317","80.5682926829269","80.819512195122","81.2707317073171","81.7219512195122","82.0243902439024","82.2756097560976","82.6268292682927","82.6268292682927","83.2268292682927","83.4268292682927"
"Life expectancy at birth, total (years)","SP.DYN.LE00.IN","Kosovo","XKX","67.9512195121951","67.9975609756098","67.9439024390244","68.1951219512195","68.4951219512195","68.6951219512195","68.9463414634146","69.1975609756098","69.4487804878049","69.6487804878049","69.9","70.2","70.4975609756098","70.7975609756098","71.0975609756098","71.3463414634146","71.8463414634146","72.2951219512195","72.6951219512195","73.0926829268293","71.0878048780488"
"Life expectancy at birth, total (years)","SP.DYN.LE00.IN","Kuwait","KWT","73.142","73.21","73.28","73.355","73.439","73.538","73.66","73.807","73.976","74.162","74.358","74.55","74.728","74.885","75.019","75.13","75.224","75.311","75.398","75.489","75.586"
"Life expectancy at birth, total (years)","SP.DYN.LE00.IN","Kyrgyz Republic","KGZ","68.5585365853659","68.7073170731707","68.1560975609756","68.2560975609756","68.1536585365854","67.9560975609756","67.6951219512195","67.8951219512195","68.4512195121951","69.1024390243903","69.3","69.6024390243903","70.0024390243902","70.2024390243902","70.4024390243902","70.6512195121951","70.9512195121951","71.2","71.4","71.6","71.8"
"Life expectancy at birth, total (years)","SP.DYN.LE00.IN","Lao PDR","LAO","58.803","59.372","59.937","60.502","61.065","61.625","62.182","62.731","63.271","63.797","64.306","64.797","65.267","65.717","66.144","66.546","66.924","67.277","67.61","67.923","68.219"
"Life expectancy at birth, total (years)","SP.DYN.LE00.IN","Latvia","LVA","70.3146341463415","70.7609756097561","70.9609756097561","71.2658536585366","72.0268292682927","71.3560975609756","70.8658536585366","71.019512195122","72.419512195122","73.0804878048781","73.4829268292683","73.5756097560976","73.7780487804878","73.9829268292683","74.1243902439024","74.4804878048781","74.580487804878","74.6292682926829","74.7829268292683","75.3878048780488","75.3878048780488"
"Life expectancy at birth, total (years)","SP.DYN.LE00.IN","Lebanon","LBN","74.507","74.999","75.488","75.969","76.432","76.865","77.26","77.609","77.911","78.161","78.36","78.507","78.611","78.683","78.732","78.768","78.8","78.833","78.875","78.93","79.004"
"Life expectancy at birth, total (years)","SP.DYN.LE00.IN","Lesotho","LSO","47.691","46.197","44.898","43.845","43.083","42.658","42.595","42.854","43.384","44.146","45.1","46.207","47.416","48.663","49.891","51.038","52.059","52.947","53.705","54.331","54.836"
"Life expectancy at birth, total (years)","SP.DYN.LE00.IN","Liberia","LBR","51.734","52.236","52.826","53.554","54.422","55.393","56.4","57.365","58.229","58.971","59.6","60.146","60.663","61.186","61.723","62.269","62.802","63.295","63.73","64.104","64.423"
"Life expectancy at birth, total (years)","SP.DYN.LE00.IN","Liechtenstein","LIE","76.8268292682927","79.2756097560976","79.6365853658537","79.9609756097561","81.7707317073171","80.6682926829268","80.9487804878049","81.2951219512195","82.6829268292683","81.5","81.8414634146342","81.7926829268293","82.3829268292683","82.2609756097561","82.0731707317073","82.6560975609756","82.2585365853659","83.7463414634147","83.0414634146342","84.1609756097561","81.8073170731707"
"Life expectancy at birth, total (years)","SP.DYN.LE00.IN","Lithuania","LTU","72.0195121951219","71.6585365853659","71.7609756097561","72.0609756097561","71.9609756097561","71.2536585365854","71.0560975609756","70.9","71.8121951219512","72.9146341463415","73.2682926829268","73.5634146341464","73.8634146341464","73.9146341463415","74.5170731707317","74.3219512195122","74.6707317073171","75.4804878048781","75.6804878048781","76.2829268292683","74.9292682926829"
"Life expectancy at birth, total (years)","SP.DYN.LE00.IN","Luxembourg","LUX","77.8731707317073","77.8243902439025","77.9658536585366","77.7268292682927","79.1219512195122","79.4317073170732","79.2878048780488","79.3829268292683","80.5390243902439","80.6365853658537","80.6317073170732","80.9878048780488","81.3926829268293","81.8","82.2292682926829","82.2926829268293","82.6853658536585","82.0951219512195","82.2951219512195","82.6390243902439","81.7414634146342"
"Life expectancy at birth, total (years)","SP.DYN.LE00.IN","Macao SAR, China","MAC","80.407","80.645","80.87","81.089","81.304","81.523","81.748","81.981","82.22","82.462","82.704","82.938","83.158","83.361","83.543","83.707","83.854","83.989","84.118","84.244","84.37"
"Life expectancy at birth, total (years)","SP.DYN.LE00.IN","Madagascar","MDG","58.485","59.129","59.717","60.256","60.752","61.212","61.65","62.079","62.509","62.944","63.388","63.836","64.28","64.713","65.133","65.539","65.931","66.311","66.681","67.041","67.39"
"Life expectancy at birth, total (years)","SP.DYN.LE00.IN","Malawi","MWI","45.09","45.204","45.517","46.052","46.823","47.844","49.118","50.595","52.206","53.888","55.564","57.161","58.629","59.931","61.042","61.953","62.681","63.279","63.798","64.263","64.694"
"Life expectancy at birth, total (years)","SP.DYN.LE00.IN","Malaysia","MYS","72.594","72.782","72.976","73.17","73.364","73.555","73.744","73.931","74.118","74.305","74.493","74.683","74.877","75.072","75.268","75.461","75.649","75.828","75.997","76.156","76.306"
"Life expectancy at birth, total (years)","SP.DYN.LE00.IN","Maldives","MDV","70.173","70.964","71.708","72.399","73.034","73.612","74.138","74.621","75.073","75.499","75.905","76.293","76.664","77.018","77.36","77.691","78.013","78.325","78.627","78.921","79.208"
"Life expectancy at birth, total (years)","SP.DYN.LE00.IN","Mali","MLI","48.069","48.758","49.54","50.373","51.224","52.057","52.839","53.553","54.193","54.756","55.251","55.701","56.135","56.578","57.036","57.509","57.987","58.452","58.893","59.306","59.692"
"Life expectancy at birth, total (years)","SP.DYN.LE00.IN","Malta","MLT","78.3487804878049","78.8439024390244","78.7390243902439","78.5463414634146","79.2536585365854","79.3","79.4390243902439","79.7926829268293","79.6365853658537","80.2414634146342","81.3975609756098","80.7463414634146","80.7463414634146","81.7463414634146","82.0463414634146","81.8975609756097","82.4536585365854","82.3463414634146","82.4487804878049","82.8585365853659","82.6536585365854"
"Life expectancy at birth, total (years)","SP.DYN.LE00.IN","Marshall Islands","MHL","65.2390243902439","NA","NA","NA","NA","NA","NA","NA","NA","NA","NA","NA","NA","NA","NA","NA","NA","NA","NA","NA","NA"
"Life expectancy at birth, total (years)","SP.DYN.LE00.IN","Mauritania","MRT","60.706","60.788","60.892","61.018","61.17","61.349","61.552","61.776","62.015","62.266","62.527","62.799","63.079","63.366","63.654","63.936","64.208","64.464","64.704","64.925","65.129"
"Life expectancy at birth, total (years)","SP.DYN.LE00.IN","Mauritius","MUS","71.6634146341463","71.7658536585366","71.9658536585366","72.1170731707317","72.2658536585366","72.4321951219512","72.4321951219512","72.5707317073171","72.5707317073171","72.8824390243903","72.9673170731707","73.2668292682927","73.8634146341464","74.0170731707317","74.1943902439024","74.3531707317073","74.3948780487805","74.5146341463415","74.4163414634146","74.2358536585366","74.1770731707317"
"Life expectancy at birth, total (years)","SP.DYN.LE00.IN","Mexico","MEX","74.34","74.658","74.922","75.118","75.243","75.3","75.296","75.255","75.194","75.128","75.065","75.011","74.966","74.93","74.908","74.904","74.917","74.947","74.992","75.054","75.131"
"Life expectancy at birth, total (years)","SP.DYN.LE00.IN","Micronesia, Fed. Sts.","FSM","64.55","64.71","64.888","65.08","65.282","65.489","65.697","65.901","66.099","66.29","66.471","66.646","66.817","66.986","67.152","67.315","67.471","67.618","67.755","67.883","68.002"
"Life expectancy at birth, total (years)","SP.DYN.LE00.IN","Moldova","MDA","67.006","67.185","67.362","67.521","67.665","67.82","68.022","68.302","68.671","69.119","69.616","70.119","70.581","70.968","71.267","71.478","71.617","71.717","71.808","71.901","72.006"
"Life expectancy at birth, total (years)","SP.DYN.LE00.IN","Monaco","MCO","NA","NA","NA","NA","NA","NA","NA","NA","NA","NA","NA","NA","NA","NA","NA","NA","NA","NA","NA","NA","NA"
"Life expectancy at birth, total (years)","SP.DYN.LE00.IN","Mongolia","MNG","62.869","63.319","63.777","64.23","64.671","65.103","65.538","65.985","66.447","66.916","67.38","67.818","68.217","68.566","68.863","69.111","69.321","69.509","69.689","69.87","70.056"
"Life expectancy at birth, total (years)","SP.DYN.LE00.IN","Montenegro","MNE","73.1820731707317","73.187512195122","73.2372682926829","73.3185365853659","73.4292682926829","73.9829268292683","73.8390243902439","74.3390243902439","75.1365853658537","75.1439024390244","75.990243902439","75.9829268292683","76.2","76.490243902439","76.4414634146341","76.4487804878049","76.4414634146341","76.4853658536585","76.8414634146342","76.6829268292683","75.9317073170732"
"Life expectancy at birth, total (years)","SP.DYN.LE00.IN","Morocco","MAR","68.684","69.193","69.769","70.399","71.067","71.746","72.403","73.009","73.546","74.003","74.382","74.696","74.97","75.227","75.477","75.726","75.974","76.218","76.453","76.68","76.901"
"Life expectancy at birth, total (years)","SP.DYN.LE00.IN","Mozambique","MOZ","48.946","49.295","49.61","49.889","50.143","50.387","50.641","50.934","51.292","51.738","52.31","53.043","53.931","54.949","56.062","57.206","58.309","59.309","60.163","60.854","61.387"
"Life expectancy at birth, total (years)","SP.DYN.LE00.IN","Myanmar","MMR","60.063","60.377","60.685","60.989","61.294","61.607","61.938","62.294","62.678","63.089","63.525","63.983","64.453","64.921","65.378","65.81","66.205","66.558","66.867","67.134","67.363"
"Life expectancy at birth, total (years)","SP.DYN.LE00.IN","Namibia","NAM","52.192","51.399","50.862","50.589","50.6","50.931","51.609","52.593","53.817","55.207","56.665","58.085","59.387","60.513","61.425","62.119","62.625","63.021","63.373","63.708","64.045"
"Life expectancy at birth, total (years)","SP.DYN.LE00.IN","Nauru","NRU","NA","NA","NA","NA","NA","NA","NA","NA","NA","NA","NA","NA","NA","NA","NA","NA","NA","NA","NA","NA","NA"
"Life expectancy at birth, total (years)","SP.DYN.LE00.IN","Nepal","NPL","62.288","62.945","63.57","64.165","64.729","65.264","65.773","66.26","66.727","67.178","67.611","68.028","68.426","68.806","69.168","69.515","69.848","70.169","70.478","70.778","71.067"
"Life expectancy at birth, total (years)","SP.DYN.LE00.IN","Netherlands","NLD","77.9878048780488","78.190243902439","78.2926829268293","78.4926829268293","79.0951219512195","79.3463414634146","79.6975609756098","80.0975609756098","80.2512195121951","80.5487804878049","80.7024390243902","81.2048780487805","81.1048780487805","81.3048780487805","81.7073170731707","81.509756097561","81.5609756097561","81.7609756097561","81.8121951219512","82.1121951219512","81.409756097561"
"Life expectancy at birth, total (years)","SP.DYN.LE00.IN","New Caledonia","NCL","75.1634146341463","74.8317073170732","75.1024390243903","75.2707317073171","75.4707317073171","75.7219512195122","76.0756097560976","76.4780487804878","76.6804878048781","76.9804878048781","77.2804878048781","76.6317073170732","77.0780487804878","77.1780487804878","77.2365853658537","77.2804878048781","76.9317073170732","77.5390243902439","77.4341463414634","77.6341463414634","77.7711707317073"
"Life expectancy at birth, total (years)","SP.DYN.LE00.IN","New Zealand","NZL","78.6365853658537","78.6926829268293","78.8463414634146","79.1463414634146","79.5487804878049","79.8512195121951","80.0487804878049","80.1512195121951","80.3512195121951","80.7024390243902","80.7024390243902","80.9048780487805","81.1560975609756","81.4073170731707","81.4048780487805","81.4568292682927","81.6124390243903","81.6585365853659","81.8585365853659","81.7073170731707","82.0560975609756"
"Life expectancy at birth, total (years)","SP.DYN.LE00.IN","Nicaragua","NIC","69.527","69.934","70.308","70.64","70.933","71.195","71.436","71.673","71.915","72.167","72.428","72.692","72.951","73.197","73.429","73.649","73.86","74.068","74.275","74.485","74.697"
"Life expectancy at birth, total (years)","SP.DYN.LE00.IN","Niger","NER","49.928","50.584","51.256","51.95","52.668","53.411","54.18","54.968","55.764","56.557","57.333","58.081","58.79","59.455","60.07","60.631","61.137","61.599","62.024","62.42","62.792"
"Life expectancy at birth, total (years)","SP.DYN.LE00.IN","Nigeria","NGA","46.267","46.51","46.835","47.242","47.72","48.252","48.812","49.373","49.913","50.422","50.896","51.346","51.786","52.228","52.672","53.112","53.541","53.95","54.332","54.687","55.018"
"Life expectancy at birth, total (years)","SP.DYN.LE00.IN","North Macedonia","MKD","72.9463414634147","73.4365853658537","73.0390243902439","73.2414634146342","73.5975609756098","73.6975609756098","73.8951219512195","73.8","74.4","74.4463414634146","74.9975609756098","75.1","74.9024390243903","75.4","75.4512195121951","75.4024390243902","75.4","75.9536585365854","76.6487804878049","76.6024390243903","75.6931707317073"
"Life expectancy at birth, total (years)","SP.DYN.LE00.IN","Northern Mariana Islands","MNP","NA","NA","NA","NA","NA","NA","NA","NA","NA","NA","NA","NA","NA","NA","NA","NA","NA","NA","NA","NA","NA"
"Life expectancy at birth, total (years)","SP.DYN.LE00.IN","Norway","NOR","78.6341463414634","78.7853658536585","78.9878048780488","79.390243902439","79.8414634146342","80.0414634146342","80.3439024390244","80.3951219512195","80.5926829268293","80.7951219512195","80.9975609756098","81.2951219512195","81.4512195121951","81.7512195121951","82.1","82.3048780487805","82.4073170731707","82.609756097561","82.7585365853659","82.9585365853659","83.209756097561"
"Life expectancy at birth, total (years)","SP.DYN.LE00.IN","Oman","OMN","72.126","72.58","73.022","73.447","73.851","74.23","74.577","74.893","75.179","75.44","75.682","75.916","76.149","76.388","76.634","76.887","77.142","77.393","77.633","77.861","78.078"
"Life expectancy at birth, total (years)","SP.DYN.LE00.IN","Pakistan","PAK","62.82","63.066","63.3","63.522","63.736","63.951","64.176","64.42","64.685","64.969","65.264","65.562","65.849","66.117","66.36","66.577","66.77","66.947","67.114","67.273","67.428"
"Life expectancy at birth, total (years)","SP.DYN.LE00.IN","Palau","PLW","70.4936585365854","NA","NA","NA","NA","69.1292682926829","NA","NA","NA","NA","NA","NA","NA","NA","NA","NA","NA","NA","NA","NA","NA"
"Life expectancy at birth, total (years)","SP.DYN.LE00.IN","Panama","PAN","75.06","75.233","75.401","75.565","75.728","75.892","76.06","76.234","76.414","76.6","76.792","76.989","77.188","77.386","77.583","77.776","77.964","78.149","78.329","78.506","78.68"
"Life expectancy at birth, total (years)","SP.DYN.LE00.IN","Papua New Guinea","PNG","59.265","59.487","59.722","59.974","60.245","60.534","60.836","61.141","61.442","61.739","62.029","62.316","62.604","62.892","63.181","63.466","63.744","64.01","64.263","64.501","64.725"
"Life expectancy at birth, total (years)","SP.DYN.LE00.IN","Peru","PER","71.111","71.505","71.882","72.24","72.581","72.908","73.222","73.528","73.826","74.12","74.41","74.697","74.981","75.258","75.529","75.792","76.044","76.286","76.516","76.736","76.947"
"Life expectancy at birth, total (years)","SP.DYN.LE00.IN","Philippines","PHL","68.793","68.835","68.88","68.937","69.013","69.112","69.233","69.37","69.515","69.667","69.823","69.984","70.149","70.315","70.481","70.644","70.802","70.952","71.095","71.231","71.36"
"Life expectancy at birth, total (years)","SP.DYN.LE00.IN","Poland","POL","73.7487804878049","74.2","74.4975609756098","74.5975609756098","74.8463414634146","74.9951219512195","75.1439024390244","75.2439024390244","75.5439024390244","75.6951219512195","76.2463414634146","76.6951219512195","76.7463414634146","77","77.6024390243903","77.4512195121951","77.8512195121951","77.7536585365854","77.6024390243903","77.9048780487805","76.6"
"Life expectancy at birth, total (years)","SP.DYN.LE00.IN","Portugal","PRT","76.3146341463415","76.8146341463415","77.0658536585366","77.219512195122","77.6707317073171","78.0707317073171","78.419512195122","78.3219512195122","78.5243902439025","78.7268292682927","79.0268292682927","80.4707317073171","80.3731707317073","80.7219512195122","81.1219512195122","81.1243902439025","81.1243902439025","81.4243902439025","81.3243902439024","81.6756097560976","80.9756097560976"
"Life expectancy at birth, total (years)","SP.DYN.LE00.IN","Puerto Rico","PRI","76.6892682926829","77.0668292682927","77.7604878048781","78.0712195121951","78.1758536585366","78.2960975609756","78.4163414634146","78.4258536585366","77.9629268292683","78.191","78.4190975609756","78.6406585365854","78.8475853658537","79.0343414634146","79.2024634146342","79.353487804878","79.4949756097561","79.6345365853659","79.7781951219512","79.928512195122","80.0874634146342"
"Life expectancy at birth, total (years)","SP.DYN.LE00.IN","Qatar","QAT","77.467","77.612","77.762","77.919","78.083","78.252","78.425","78.601","78.775","78.945","79.108","79.26","79.399","79.527","79.646","79.758","79.868","79.981","80.1","80.227","80.363"
"Life expectancy at birth, total (years)","SP.DYN.LE00.IN","Russian Federation","RUS","65.4836585365854","65.3834146341463","65.1287804878049","65.0275609756098","65.4709756097561","65.529756097561","66.7275609756098","67.5868292682927","67.9492682926829","68.6846341463415","68.8412195121951","69.6839024390244","70.0721951219512","70.5787804878049","70.7436585365854","71.1834146341463","71.6512195121951","72.4514634146342","72.6621951219512","73.0839024390244","71.3387804878049"
"Life expectancy at birth, total (years)","SP.DYN.LE00.IN","Rwanda","RWA","48.649","49.936","50.987","52.178","53.595","55.254","57.083","58.915","60.612","62.129","63.433","64.523","65.438","66.219","66.884","67.45","67.93","68.341","68.7","69.024","69.329"
"Life expectancy at birth, total (years)","SP.DYN.LE00.IN","Samoa","WSM","68.748","69.103","69.451","69.781","70.089","70.374","70.642","70.901","71.158","71.412","71.663","71.906","72.136","72.351","72.549","72.73","72.895","73.046","73.187","73.321","73.45"
"Life expectancy at birth, total (years)","SP.DYN.LE00.IN","San Marino","SMR","NA","NA","NA","NA","NA","NA","NA","NA","NA","NA","NA","NA","NA","NA","NA","NA","NA","NA","NA","NA","NA"
"Life expectancy at birth, total (years)","SP.DYN.LE00.IN","Sao Tome and Principe","STP","61.365","62.017","62.687","63.359","64.02","64.659","65.27","65.854","66.412","66.938","67.43","67.885","68.306","68.695","69.052","69.377","69.67","69.933","70.17","70.385","70.583"
"Life expectancy at birth, total (years)","SP.DYN.LE00.IN","Saudi Arabia","SAU","72.561","72.759","72.92","73.051","73.159","73.256","73.355","73.467","73.598","73.75","73.917","74.089","74.254","74.402","74.533","74.651","74.761","74.874","74.998","75.133","75.28"
"Life expectancy at birth, total (years)","SP.DYN.LE00.IN","Senegal","SEN","57.787","58.177","58.675","59.259","59.912","60.62","61.365","62.126","62.88","63.607","64.284","64.898","65.448","65.939","66.37","66.747","67.078","67.38","67.665","67.941","68.213"
"Life expectancy at birth, total (years)","SP.DYN.LE00.IN","Serbia","SRB","71.5829268292683","72.2341463414634","72.2853658536585","72.4365853658537","72.6829268292683","72.8341463414634","73.3853658536585","73.6317073170732","73.8853658536585","73.9853658536585","74.3365853658537","74.5365853658537","74.8365853658537","75.1853658536585","75.3365853658537","75.2878048780488","75.6878048780488","75.5390243902439","75.890243902439","75.9365853658537","74.2292682926829"
"Life expectancy at birth, total (years)","SP.DYN.LE00.IN","Seychelles","SYC","72.7780487804878","73.2536585365854","71.0878048780488","71.0292682926829","72.6609756097561","72.1317073170732","72.2170731707317","73.1439024390244","73.1634146341463","73.0829268292683","73.1975609756098","72.7243902439024","74.2756097560976","73.119512195122","73.2292682926829","74.2951219512195","74.309756097561","74.3","72.8414634146341","74.0463414634146","77.2365853658537"
"Life expectancy at birth, total (years)","SP.DYN.LE00.IN","Sierra Leone","SLE","39.441","40.369","41.376","42.419","43.467","44.502","45.517","46.52","47.508","48.468","49.382","50.234","51.018","51.731","52.372","52.941","53.444","53.895","54.309","54.696","55.066"
"Life expectancy at birth, total (years)","SP.DYN.LE00.IN","Singapore","SGP","77.9512195121951","78.2512195121951","78.5512195121951","79.0390243902439","79.490243902439","79.990243902439","80.1414634146341","80.4414634146342","80.790243902439","81.2414634146342","81.5414634146342","81.7439024390244","81.9951219512195","82.2463414634147","82.4951219512195","82.7439024390244","82.8463414634146","83.0951219512195","83.2975609756098","83.5951219512195","83.7439024390244"
"Life expectancy at birth, total (years)","SP.DYN.LE00.IN","Sint Maarten (Dutch part)","SXM","NA","NA","NA","NA","NA","NA","NA","74.5439024390244","74.5365853658537","75.5878048780488","NA","NA","73.0536585365854","NA","77.0682926829268","77.219512195122","78.2926829268293","NA","NA","NA","NA"
"Life expectancy at birth, total (years)","SP.DYN.LE00.IN","Slovak Republic","SVK","73.0512195121951","73.4024390243903","73.6048780487805","73.6048780487805","73.9585365853659","73.9048780487805","74.2048780487805","74.2073170731707","74.7048780487805","74.909756097561","75.1121951219512","75.9585365853659","76.109756097561","76.4121951219512","76.8121951219512","76.5634146341463","77.1658536585366","77.1658536585366","77.2658536585366","77.6658536585366","76.8658536585366"
"Life expectancy at birth, total (years)","SP.DYN.LE00.IN","Slovenia","SVN","75.4121951219512","75.7585365853659","76.0073170731707","76.8585365853659","77.2073170731707","77.6121951219512","78.0865853658537","78.5609756097561","78.7658536585366","78.9707317073171","79.4219512195122","79.9707317073171","80.1243902439024","80.3219512195122","81.0780487804878","80.7756097560976","81.1756097560976","81.0292682926829","81.3780487804878","81.5292682926829","80.5317073170732"
"Life expectancy at birth, total (years)","SP.DYN.LE00.IN","Solomon Islands","SLB","67.442","67.816","68.175","68.518","68.845","69.158","69.462","69.762","70.063","70.366","70.674","70.985","71.296","71.601","71.896","72.173","72.424","72.645","72.835","72.996","73.132"
"Life expectancy at birth, total (years)","SP.DYN.LE00.IN","Somalia","SOM","50.869","51.213","51.492","51.762","52.043","52.346","52.669","52.998","53.326","53.654","53.99","54.342","54.713","55.104","55.509","55.92","56.324","56.709","57.068","57.397","57.697"
"Life expectancy at birth, total (years)","SP.DYN.LE00.IN","South Africa","ZAF","56.048","55.089","54.31","53.749","53.444","53.447","53.795","54.452","55.36","56.46","57.669","58.895","60.06","61.099","61.968","62.649","63.153","63.538","63.857","64.131","64.379"
"Life expectancy at birth, total (years)","SP.DYN.LE00.IN","South Sudan","SSD","49.166","49.592","50.05","50.55","51.095","51.686","52.315","52.96","53.6","54.219","54.8","55.325","55.791","56.2","56.552","56.855","57.12","57.365","57.604","57.846","58.095"
"Life expectancy at birth, total (years)","SP.DYN.LE00.IN","Spain","ESP","78.9658536585366","79.3682926829268","79.5682926829268","79.619512195122","79.8707317073171","80.1707317073171","80.8219512195122","80.8731707317073","81.1756097560976","81.4756097560976","81.6268292682927","82.4756097560976","82.4268292682927","83.0780487804878","83.2292682926829","82.8317073170732","83.3292682926829","83.2829268292683","83.4317073170732","83.8317073170732","82.3341463414634"
"Life expectancy at birth, total (years)","SP.DYN.LE00.IN","Sri Lanka","LKA","71.333","72.233","73.085","73.799","74.337","74.695","74.904","75.037","75.157","75.286","75.439","75.614","75.796","75.974","76.147","76.316","76.482","76.648","76.812","76.978","77.144"
"Life expectancy at birth, total (years)","SP.DYN.LE00.IN","St. Kitts and Nevis","KNA","NA","NA","71.3365853658537","NA","NA","NA","NA","NA","NA","NA","NA","NA","NA","NA","NA","NA","NA","NA","NA","NA","NA"
"Life expectancy at birth, total (years)","SP.DYN.LE00.IN","St. Lucia","LCA","73.319","73.486","73.648","73.808","73.966","74.122","74.276","74.426","74.571","74.712","74.852","74.993","75.138","75.286","75.44","75.596","75.752","75.907","76.057","76.203","76.343"
"Life expectancy at birth, total (years)","SP.DYN.LE00.IN","St. Martin (French part)","MAF","76.8731707317073","76.9731707317073","77.1731707317073","77.3731707317073","77.5219512195122","77.6731707317073","77.8731707317073","78.0219512195122","78.2219512195122","78.3731707317073","78.5219512195122","78.7219512195122","78.8731707317073","79.0219512195122","79.1731707317073","79.3219512195122","79.5219512195122","79.6219512195122","79.8219512195122","79.9731707317073","80.1219512195122"
"Life expectancy at birth, total (years)","SP.DYN.LE00.IN","Sudan","SDN","58.472","58.859","59.258","59.67","60.092","60.525","60.969","61.422","61.879","62.33","62.764","63.171","63.542","63.875","64.169","64.429","64.663","64.881","65.095","65.311","65.53"
"Life expectancy at birth, total (years)","SP.DYN.LE00.IN","Suriname","SUR","67.822","67.913","68.064","68.28","68.555","68.877","69.227","69.579","69.91","70.209","70.465","70.676","70.851","71.002","71.133","71.249","71.358","71.463","71.57","71.682","71.802"
"Life expectancy at birth, total (years)","SP.DYN.LE00.IN","Sweden","SWE","79.6439024390244","79.7951219512195","79.8463414634146","80.0951219512195","80.4975609756098","80.5463414634146","80.7487804878049","80.9","81.1","81.3512195121951","81.4512195121951","81.8024390243903","81.7048780487805","81.9560975609756","82.2536585365854","82.2048780487805","82.3073170731707","82.409756097561","82.5585365853659","83.109756097561","82.4073170731707"
"Life expectancy at birth, total (years)","SP.DYN.LE00.IN","Switzerland","CHE","79.6804878048781","80.1804878048781","80.3853658536585","80.5365853658537","81.0878048780488","81.2365853658537","81.490243902439","81.7414634146342","81.9926829268293","82.0439024390244","82.2463414634147","82.6951219512195","82.6975609756098","82.7975609756098","83.1975609756098","82.8975609756098","83.6024390243903","83.5512195121951","83.7536585365854","83.9048780487805","83.1"
"Life expectancy at birth, total (years)","SP.DYN.LE00.IN","Tajikistan","TJK","61.974","62.807","63.653","64.496","65.314","66.08","66.771","67.382","67.911","68.36","68.736","69.055","69.34","69.609","69.874","70.137","70.397","70.647","70.879","71.097","71.301"
"Life expectancy at birth, total (years)","SP.DYN.LE00.IN","Tanzania","TZA","50.801","51.444","52.142","52.866","53.602","54.349","55.119","55.926","56.777","57.666","58.584","59.525","60.47","61.398","62.288","63.111","63.844","64.479","65.015","65.456","65.815"
"Life expectancy at birth, total (years)","SP.DYN.LE00.IN","Thailand","THA","70.623","70.832","71.089","71.389","71.728","72.099","72.499","72.916","73.341","73.766","74.184","74.593","74.992","75.378","75.747","76.091","76.403","76.683","76.931","77.15","77.344"
"Life expectancy at birth, total (years)","SP.DYN.LE00.IN","Timor-Leste","TLS","59.002","59.945","60.901","61.888","62.893","63.882","64.803","65.61","66.276","66.796","67.186","67.477","67.72","67.953","68.197","68.459","68.735","69.007","69.26","69.495","69.712"
"Life expectancy at birth, total (years)","SP.DYN.LE00.IN","Togo","TGO","53.491","53.554","53.71","53.938","54.234","54.602","55.052","55.581","56.178","56.818","57.468","58.092","58.661","59.16","59.58","59.927","60.22","60.489","60.76","61.042","61.34"
"Life expectancy at birth, total (years)","SP.DYN.LE00.IN","Tonga","TON","69.667","69.725","69.771","69.803","69.822","69.836","69.852","69.878","69.921","69.982","70.059","70.148","70.242","70.335","70.427","70.517","70.607","70.701","70.801","70.907","71.018"
"Life expectancy at birth, total (years)","SP.DYN.LE00.IN","Trinidad and Tobago","TTO","69.413","69.65","69.903","70.164","70.428","70.691","70.952","71.21","71.464","71.71","71.946","72.17","72.382","72.582","72.768","72.941","73.1","73.245","73.38","73.507","73.628"
"Life expectancy at birth, total (years)","SP.DYN.LE00.IN","Tunisia","TUN","73.172","73.415","73.638","73.842","74.034","74.217","74.391","74.558","74.72","74.88","75.041","75.206","75.376","75.552","75.734","75.922","76.115","76.31","76.505","76.699","76.891"
"Life expectancy at birth, total (years)","SP.DYN.LE00.IN","Turkiye","TUR","70.005","70.56","71.078","71.559","72.004","72.424","72.83","73.235","73.649","74.074","74.507","74.944","75.373","75.784","76.172","76.532","76.86","77.161","77.437","77.691","77.928"
"Life expectancy at birth, total (years)","SP.DYN.LE00.IN","Turkmenistan","TKM","63.613","63.842","64.101","64.386","64.693","65.017","65.354","65.695","66.031","66.355","66.657","66.928","67.167","67.375","67.552","67.704","67.835","67.956","68.073","68.191","68.313"
"Life expectancy at birth, total (years)","SP.DYN.LE00.IN","Turks and Caicos Islands","TCA","NA","NA","NA","NA","NA","NA","NA","NA","NA","NA","NA","NA","NA","NA","NA","NA","NA","NA","NA","NA","NA"
"Life expectancy at birth, total (years)","SP.DYN.LE00.IN","Tuvalu","TUV","NA","NA","NA","NA","NA","NA","NA","NA","NA","NA","NA","NA","NA","NA","NA","NA","NA","NA","NA","NA","NA"
"Life expectancy at birth, total (years)","SP.DYN.LE00.IN","Uganda","UGA","46.229","47.22","48.299","49.421","50.554","51.676","52.784","53.887","54.984","56.06","57.099","58.087","59.017","59.881","60.669","61.373","61.986","62.516","62.973","63.368","63.713"
"Life expectancy at birth, total (years)","SP.DYN.LE00.IN","Ukraine","UKR","67.6756097560976","67.8370731707317","68.2756097560976","68.2107317073171","68.1853658536585","67.9568292682927","68.0775609756098","68.2221951219512","68.2514634146342","69.19","70.2653658536586","70.8092682926829","70.9441463414634","71.159512195122","71.1865853658537","71.189512195122","71.4763414634146","71.7809756097561","71.5826829268293","71.8273170731707","71.1851219512195"
"Life expectancy at birth, total (years)","SP.DYN.LE00.IN","United Arab Emirates","ARE","74.327","74.544","74.758","74.968","75.174","75.376","75.573","75.767","75.957","76.145","76.332","76.521","76.711","76.903","77.095","77.285","77.47","77.647","77.814","77.972","78.12"
"Life expectancy at birth, total (years)","SP.DYN.LE00.IN","United Kingdom","GBR","77.7414634146342","77.9926829268293","78.1439024390244","78.4463414634146","78.7463414634146","79.0487804878049","79.2487804878049","79.4487804878049","79.6","80.0512195121951","80.4024390243902","80.9512195121951","80.9048780487805","81.0048780487805","81.3048780487805","80.9560975609756","81.1560975609756","81.2560975609756","81.2560975609756","81.2048780487805","80.9024390243903"
"Life expectancy at birth, total (years)","SP.DYN.LE00.IN","United States","USA","76.6365853658537","76.8365853658537","76.9365853658537","77.0365853658537","77.4878048780488","77.4878048780488","77.6878048780488","77.9878048780488","78.0390243902439","78.390243902439","78.5414634146342","78.6414634146341","78.7414634146342","78.7414634146342","78.8414634146341","78.690243902439","78.5390243902439","78.5390243902439","78.6390243902439","78.7878048780488","77.2804878048781"
"Life expectancy at birth, total (years)","SP.DYN.LE00.IN","Uruguay","URY","74.731","74.939","75.152","75.373","75.599","75.826","76.046","76.251","76.437","76.603","76.75","76.882","77.004","77.124","77.244","77.369","77.498","77.632","77.77","77.911","78.056"
"Life expectancy at birth, total (years)","SP.DYN.LE00.IN","Uzbekistan","UZB","67.156","67.374","67.613","67.868","68.135","68.407","68.676","68.939","69.193","69.435","69.672","69.91","70.155","70.41","70.671","70.928","71.171","71.388","71.573","71.725","71.848"
"Life expectancy at birth, total (years)","SP.DYN.LE00.IN","Vanuatu","VUT","67.363","67.583","67.793","67.99","68.176","68.35","68.515","68.672","68.824","68.974","69.123","69.272","69.421","69.57","69.719","69.869","70.021","70.172","70.323","70.474","70.623"
"Life expectancy at birth, total (years)","SP.DYN.LE00.IN","Venezuela, RB","VEN","72.112","72.294","72.466","72.618","72.746","72.852","72.938","73.01","73.071","73.116","73.134","73.11","73.037","72.918","72.762","72.584","72.405","72.246","72.128","72.064","72.066"
"Life expectancy at birth, total (years)","SP.DYN.LE00.IN","Vietnam","VNM","73.025","73.228","73.438","73.654","73.875","74.092","74.295","74.474","74.625","74.745","74.837","74.904","74.958","75.006","75.056","75.11","75.172","75.241","75.317","75.4","75.493"
"Life expectancy at birth, total (years)","SP.DYN.LE00.IN","Virgin Islands (U.S.)","VIR","76.619512195122","77.6219512195122","77.5219512195122","77.5219512195122","77.7731707317073","77.4219512195122","78.3243902439024","76.8634146341463","77.1634146341463","77.5146341463415","77.8658536585366","78.3170731707317","78.5170731707317","78.7170731707317","78.8682926829268","79.0170731707317","79.1682926829268","79.3682926829268","79.5195121951219","79.6682926829268","79.819512195122"
"Life expectancy at birth, total (years)","SP.DYN.LE00.IN","West Bank and Gaza","PSE","71.022","71.239","71.447","71.648","71.842","72.028","72.203","72.366","72.517","72.656","72.788","72.915","73.041","73.17","73.303","73.442","73.589","73.74","73.895","74.053","74.213"
"Life expectancy at birth, total (years)","SP.DYN.LE00.IN","Zambia","ZMB","44","44.615","45.4","46.322","47.354","48.496","49.757","51.134","52.606","54.13","55.655","57.126","58.502","59.746","60.831","61.737","62.464","63.043","63.51","63.886","64.194"
"Life expectancy at birth, total (years)","SP.DYN.LE00.IN","Zimbabwe","ZWE","44.649","44.01","43.523","43.195","43.065","43.241","43.853","44.947","46.504","48.449","50.64","52.896","55.032","56.897","58.41","59.534","60.294","60.812","61.195","61.49","61.738"
"Life expectancy at birth, total (years)","SP.DYN.LE00.IN","Africa Eastern and Southern","AFE","51.2761288844047","51.6064582838941","52.0431492826438","52.5858533977139","53.2289134701853","53.96655013393","54.7917066462486","55.6823435005197","56.6097989195142","57.5487718622889","58.4706966763051","59.3535949230704","60.1855610471991","60.9533629561754","61.6473665890637","62.2592883749182","62.7876814850688","63.2462635340566","63.648988039777","64.0052126245997","64.3257022314803"
"Life expectancy at birth, total (years)","SP.DYN.LE00.IN","Africa Western and Central","AFW","49.2197138106225","49.4751356037932","49.8169286273063","50.2394323653305","50.7334166512703","51.2834866628333","51.8682025707247","52.4639575630919","53.0495003986077","53.6120895132647","54.1443067090058","54.6499981291251","55.1389443224205","55.6189864082126","56.0882690441146","56.5420091409512","56.9747611509084","57.382362702625","57.7623467867763","58.1157227231324","58.4459527348481"
"Life expectancy at birth, total (years)","SP.DYN.LE00.IN","Arab World","ARB","67.8005914484374","68.0725186351364","68.3402463203748","68.6105056110119","68.886187759396","69.164682959313","69.4394593833005","69.7015552895135","69.9421738723304","70.1575600848623","70.3499164210096","70.5287616794948","70.7037977970714","70.8822177024387","71.0642687701762","71.2495709689318","71.4365471749074","71.6226704254941","71.8070751075422","71.9897093670282","72.1707598827252"
"Life expectancy at birth, total (years)","SP.DYN.LE00.IN","Caribbean small states","CSS","71.4191794169244","71.537999419379","71.7133625669446","71.7919937858925","71.923541000794","72.0557087318544","72.1870360757779","72.3160565360721","72.4407885010072","72.5617494160666","72.6794042337237","72.7952950904323","72.9118093762699","73.0301385446206","73.1505917872827","73.2730249020468","73.395957988226","73.5174899503021","73.6371062810432","73.7547323090936","73.8709059808875"
"Life expectancy at birth, total (years)","SP.DYN.LE00.IN","Central Europe and the Baltics","CEB","72.719724722779","73.0961481937343","73.2424154880921","73.3822527825258","73.7304349327381","73.8449951359211","74.0926027308098","74.2506487210768","74.5759526780779","74.9303639266576","75.2939657786314","75.8884748834282","75.993488603453","76.3551629869808","76.6756236113045","76.5718777647788","76.9698114171911","76.9474426395729","76.9768226818402","77.2668440868557","76.1441688035782"
"Life expectancy at birth, total (years)","SP.DYN.LE00.IN","Early-demographic dividend","EAR","64.4030772420034","64.73386603595","65.0651668967003","65.4022589694683","65.74821736383","66.1062088115301","66.4803446354919","66.8666471494141","67.2624996097162","67.661689856882","68.0560210364218","68.4389041334532","68.8032052554736","69.1451633998496","69.460918965504","69.7485062321695","70.0112350713132","70.254234698029","70.4832383376349","70.7012013247764","70.9112394136255"
"Life expectancy at birth, total (years)","SP.DYN.LE00.IN","East Asia & Pacific","EAS","71.1719187711375","71.4817171620473","71.7747648581386","72.0675282474942","72.3611445681635","72.6246207487179","72.9216443010547","73.2009338754334","73.469895503291","73.7591251644885","74.0129991679213","74.2661288330307","74.5628325394206","74.8494438608504","75.1268699576521","75.3946135673733","75.6381496317599","75.8692506429109","76.0725154861572","76.2668758663658","76.4449787247609"
"Life expectancy at birth, total (years)","SP.DYN.LE00.IN","East Asia & Pacific (excluding high income)","EAP","70.136177010739","70.4422854482861","70.7483653259318","71.0512663221546","71.3488173948196","71.6407032997134","71.9275696944326","72.2123465128119","72.4966401585636","72.7807241732529","73.066264292376","73.3557386668668","73.6476911162518","73.9384117979514","74.2257369925711","74.5022718470481","74.7620466808602","75.0019150982619","75.2176631582702","75.4097032387878","75.5811244020328"
"Life expectancy at birth, total (years)","SP.DYN.LE00.IN","East Asia & Pacific (IDA & IBRD countries)","TEA","70.1984151714155","70.4979435940744","70.7972306437662","71.0951976257611","71.3903257977895","71.6822416203148","71.9707828422057","72.257386398143","72.5425341471235","72.826295709454","73.1104642905665","73.3979141809371","73.6878366494054","73.9770692618863","74.2635576551931","74.5399104226023","74.7999565735269","75.0402245010869","75.2562801026236","75.448435105141","75.6197431778303"
"Life expectancy at birth, total (years)","SP.DYN.LE00.IN","Euro area","EMU","78.2750703806688","78.5971125491709","78.6844678732507","78.7071794941705","79.2787016383767","79.4262830238741","79.8561324008539","80.0998819166968","80.3029157917899","80.5051815068132","80.7467809595169","81.2328248541922","81.2271581838087","81.5123287222875","81.9429827046427","81.5692290983944","81.9545453224235","81.9323163550777","82.0495811667699","82.3261827822172","81.5358828056894"
"Life expectancy at birth, total (years)","SP.DYN.LE00.IN","Europe & Central Asia","ECS","73.0289483910262","73.2935511418415","73.4064878913644","73.5145656247101","73.9582790245898","74.1204195983135","74.6181881702959","74.9759239094508","75.2437254102825","75.6426621333643","75.9449243614252","76.4604357341034","76.6226139269226","76.9562530796372","77.283114899785","77.2405490023075","77.5956406653906","77.7899565668106","77.9092530428108","78.1591274605138","77.3901512978773"
"Life expectancy at birth, total (years)","SP.DYN.LE00.IN","Europe & Central Asia (excluding high income)","ECA","67.337566425936","67.491945330305","67.5872649281583","67.7034467288333","68.0585229993511","68.1849485777971","68.8374841902391","69.3598516939836","69.7003964634869","70.3066154986717","70.6532977018848","71.209763794709","71.5930449730436","72.0245098317789","72.26466946172","72.5943147971481","72.9539253154256","73.4230765949034","73.6000333576392","73.8758543655586","73.1039947304536"
"Life expectancy at birth, total (years)","SP.DYN.LE00.IN","Europe & Central Asia (IDA & IBRD countries)","TEC","68.1563234347439","68.3400644581373","68.4389824667187","68.5588041271475","68.9028301892873","69.0362412960323","69.6219554439068","70.0912287958981","70.4064498468041","70.9725140985562","71.3221957932999","71.8809508909108","72.2122188481155","72.6319155010815","72.8819814647306","73.1473216862322","73.5071710362673","73.9036024121306","74.0456465503097","74.3207353550341","73.4832688203337"
"Life expectancy at birth, total (years)","SP.DYN.LE00.IN","European Union","EUU","77.0784477991604","77.4254833773953","77.5327215413442","77.5906619590104","78.1157575976712","78.2726411417789","78.6689232474368","78.9020360375354","79.125498846821","79.3572283106471","79.6294260462919","80.137772913297","80.156888172745","80.4637409249241","80.8704475592144","80.5668071415956","80.9498646420543","80.9308386443383","81.0270235057671","81.31327017295","80.4637018880586"
"Life expectancy at birth, total (years)","SP.DYN.LE00.IN","Fragile and conflict affected situations","FCS","55.3122503226656","55.6017768768961","55.9606327400661","56.3263202194372","56.7337443134917","57.1576743952465","57.6276305208815","58.1081758855674","58.577852063899","59.0911868840923","59.5914692430401","60.0403216244244","60.4511150395065","60.8528976849433","61.2245737903","61.5731570880546","61.9109115944311","62.2244722134699","62.493551863675","62.7699657176083","62.9926020796595"
"Life expectancy at birth, total (years)","SP.DYN.LE00.IN","Heavily indebted poor countries (HIPC)","HPC","52.2641006114192","52.7493423437178","53.2966472835078","53.9003225910607","54.5520778984042","55.2422846255717","55.9616169666265","56.6969641095472","57.4335686057442","58.1582238879808","58.858947453848","59.5288710181395","60.1665653506572","60.7703353293466","61.3343141341413","61.8529528922159","62.3232846447189","62.748671772017","63.1349911561301","63.4864553256302","63.8096279614673"
"Life expectancy at birth, total (years)","SP.DYN.LE00.IN","High income","HIC","77.4556694655246","77.7533590298272","77.8892071129432","78.0215195136406","78.4330541272736","78.5384033320513","78.8483846681114","79.0890037750865","79.2368249601959","79.5269622088516","79.7073043437391","79.9616979087947","80.0797452975912","80.2666917718337","80.5190562079536","80.3981848777737","80.5473096641302","80.5903794834002","80.6904609791548","80.8862524480768","80.2105306378702"
"Life expectancy at birth, total (years)","SP.DYN.LE00.IN","IBRD only","IBD","68.0526188622796","68.3424992504116","68.6233170504033","68.9046773297652","69.2095774863236","69.4956401557542","69.8329188550741","70.1634297353982","70.4834996290695","70.8325402242922","71.1618025560562","71.5102462172669","71.829716524088","72.1464309845474","72.43263707983","72.7021778884802","72.9613417942562","73.2075493810107","73.4123304298144","73.6155442434613","73.7017205937042"
"Life expectancy at birth, total (years)","SP.DYN.LE00.IN","IDA & IBRD total","IBT","65.490428589051","65.7726015217875","66.056104764762","66.3497674545428","66.6704731980972","66.9840341947331","67.3429656622654","67.7000276262505","68.0495169371736","68.4189904037651","68.7682560115178","69.1277248475576","69.461147399827","69.7877604311951","70.0855560489329","70.3639289884542","70.6270953314995","70.8733264198725","71.0810991683187","71.2810998904137","71.3882329970137"
"Life expectancy at birth, total (years)","SP.DYN.LE00.IN","IDA blend","IDB","55.1935390637301","55.3992175485255","55.6702737111443","55.9917894189564","56.3709625596441","56.7977719441493","57.2615636646031","57.7488148652209","58.2429038915377","58.7306472130902","59.2083537677462","59.6646216744738","60.093254219475","60.5041768554014","60.8936939555635","61.2562787071839","61.587965839819","61.8891292033631","62.1618673864433","62.4089972219881","62.6349500666142"
"Life expectancy at birth, total (years)","SP.DYN.LE00.IN","IDA only","IDX","56.42640580599","56.8850735433809","57.3710934821113","57.8944391868177","58.4457561419525","59.0193861415726","59.6088606767951","60.2058599235555","60.7960241817353","61.3672130961587","61.9085748483026","62.4220801379545","62.9111163186955","63.376470884927","63.8175371192159","64.231666751979","64.6170734898039","64.9738962788673","65.3053098277412","65.6143077206477","65.9016315611475"
"Life expectancy at birth, total (years)","SP.DYN.LE00.IN","IDA total","IDA","56.0146035001921","56.3889791044498","56.8035712136421","57.2601753829707","57.7545805761769","58.2795793926266","58.8272436142183","59.387469572742","59.945142575197","60.4878324462452","61.0067031011265","61.499732665685","61.9675746148283","62.4136716450887","62.8364792836085","63.2325063377198","63.5993011284627","63.9370980929765","64.2486761969651","64.5369488281983","64.8039437358971"
"Life expectancy at birth, total (years)","SP.DYN.LE00.IN","Late-demographic dividend","LTE","70.903136159071","71.2117955539286","71.499051310681","71.7911771672286","72.1185821507073","72.4016758018185","72.7562870653992","73.0814663510818","73.3778290311873","73.7031370579174","73.9839626634512","74.3178563455763","74.6098162601229","74.9194698120527","75.1997193782948","75.4727195405028","75.7481747587565","76.0176787424202","76.2276557948749","76.4412881269183","76.4390057298943"
"Life expectancy at birth, total (years)","SP.DYN.LE00.IN","Latin America & Caribbean","LCN","71.687389574031","71.9931240294382","72.2876337880566","72.5622615412367","72.8191972031776","73.0605266579857","73.2874586622882","73.5017852386201","73.7041565686137","73.9041864986615","74.0972202511906","74.2831175178127","74.4614544439902","74.632797924154","74.7990465003133","74.9616876443858","75.1220231779781","75.2820866077559","75.4408494044772","75.6014950394695","75.762427569981"
"Life expectancy at birth, total (years)","SP.DYN.LE00.IN","Latin America & Caribbean (excluding high income)","LAC","71.4288962280736","71.7445229322914","72.0463805952358","72.3302743644085","72.5976614518352","72.8490847598245","73.0850947478277","73.3094428599401","73.5245129116126","73.7326115691507","73.9348188959934","74.1323929590259","74.3253082716744","74.5132963755128","74.6978416907836","74.8790853707662","75.056442122323","75.2308677825788","75.4015407258583","75.570175851589","75.7368725894048"
"Life expectancy at birth, total (years)","SP.DYN.LE00.IN","Latin America & the Caribbean (IDA & IBRD countries)","TLA","71.5343567822716","71.843556692425","72.1392107435642","72.4171632166203","72.6784084080014","72.923785484274","73.1540865222727","73.3732811516521","73.5836260306776","73.7868998996756","73.9833457832769","74.17297211692","74.3552670519728","74.5302463962911","74.700181700404","74.8665594523911","75.0305585888065","75.1942820911752","75.3573280274652","75.5203877691048","75.6828220726701"
"Life expectancy at birth, total (years)","SP.DYN.LE00.IN","Least developed countries: UN classification","LDC","55.4764409297974","55.9724731679851","56.4995787167107","57.0580132361315","57.643821205465","58.2528652743588","58.8803948718696","59.5177030653346","60.1542057093859","60.7807065849066","61.386749569057","61.9653470736318","62.5133563629601","63.0285904349676","63.5072486323836","63.9460709925393","64.3441897928912","64.7062796007218","65.038269357477","65.3439325137345","65.6289399415688"
"Life expectancy at birth, total (years)","SP.DYN.LE00.IN","Low & middle income","LMY","65.3435023595912","65.6291006682409","65.9190056724883","66.2181753248796","66.5420769601283","66.8591799142224","67.2213937416093","67.5820828362138","67.9352569055691","68.3071720991309","68.6586430382576","69.0186509418304","69.3585735802206","69.6881617284656","69.9889620313703","70.2745688809921","70.5395002417484","70.7913003087404","71.0039497710484","71.2049080545178","71.3261273958382"
"Life expectancy at birth, total (years)","SP.DYN.LE00.IN","Low income","LIC","53.1205513452143","53.6593205825436","54.2496397718097","54.8820778891534","55.5482568849604","56.237628925145","56.9420120053853","57.6495587682563","58.3438715877498","59.0089081988398","59.6343585236154","60.2180348159133","60.7660515546114","61.2832679399394","61.7692179965817","62.2222076133754","62.6410379144215","63.0285168696645","63.3907771004242","63.7319949477722","64.0575295648766"
"Life expectancy at birth, total (years)","SP.DYN.LE00.IN","Lower middle income","LMC","62.7129208015199","63.0366258892834","63.375166444849","63.7170577507327","64.0714812110335","64.4365168251659","64.8211348086923","65.217293729152","65.6173738886915","66.0325583535386","66.4430184463452","66.8329875224034","67.1992140143485","67.5465362024671","67.8685010902363","68.1645708173366","68.4389960381744","68.6919164614795","68.9190229482207","69.1368212313025","69.3303443969452"
"Life expectancy at birth, total (years)","SP.DYN.LE00.IN","Middle East & North Africa","MEA","69.8872567466565","70.1860594030362","70.4700171440522","70.7515444271799","71.0375708131632","71.3100305503463","71.584939952882","71.8413034065733","72.0913337214815","72.3259940380371","72.5391836226179","72.7374924061445","72.931661173815","73.1323973194867","73.3264377801142","73.5148446917032","73.7107710168387","73.8998180588421","74.0888330897789","74.2708741030731","74.4477337438886"
"Life expectancy at birth, total (years)","SP.DYN.LE00.IN","Middle East & North Africa (excluding high income)","MNA","69.3546940911734","69.6539581755968","69.9498828394032","70.2413595410357","70.5296582926455","70.8130182015968","71.0873069902218","71.347643906444","71.5886156679299","71.8098594580354","72.0147009928834","72.2108647960914","72.4050187044012","72.6023183586156","72.8011669298494","73.0002960434491","73.1981752842958","73.3942152265809","73.5873387037914","73.7775893150047","73.9654230228965"
"Life expectancy at birth, total (years)","SP.DYN.LE00.IN","Middle East & North Africa (IDA & IBRD countries)","TMN","69.337064304933","69.6370636248687","69.9337948903644","70.2261188837073","70.5153213198897","70.7996348216833","71.0749157784279","71.3362408872979","71.5781151039924","71.8002017178781","72.0058015747182","72.2027014588723","72.3975962190988","72.5956530907737","72.7952415911251","72.9950525408616","73.1935110582146","73.3900758435144","73.5836236325897","73.7742356819193","73.9623843227375"
"Life expectancy at birth, total (years)","SP.DYN.LE00.IN","Middle income","MIC","66.4015255763633","66.6809809361803","66.9607478619904","67.2467038449455","67.5560688998808","67.8550971903674","68.2013401817576","68.5448456234683","68.8803018242686","69.2380413065953","69.5760568504998","69.9264087012929","70.2571156835323","70.578990527403","70.8721116909404","71.1519453077381","71.4125294360556","71.6618805422667","71.8708317568173","72.0694392835072","72.1811046069178"
"Life expectancy at birth, total (years)","SP.DYN.LE00.IN","North America","NAC","76.8819963377772","77.0824100401778","77.1878181356609","77.3028107705754","77.7244879766956","77.7540822503293","77.9493926735038","78.2395484709121","78.3009807985721","78.6477282693838","78.8094555298644","78.9205589068046","79.0314779893629","79.0422100128331","79.1380829122827","79.012114325868","78.8773349028289","78.8790919678033","78.9867905089908","79.1233652827644","77.7411628196422"
"Life expectancy at birth, total (years)","SP.DYN.LE00.IN","Not classified","INX","NA","NA","NA","NA","NA","NA","NA","NA","NA","NA","NA","NA","NA","NA","NA","NA","NA","NA","NA","NA","NA"
"Life expectancy at birth, total (years)","SP.DYN.LE00.IN","OECD members","OED","76.9272551345503","77.2346002287912","77.3968855386691","77.5490340773954","77.9437042438278","78.0631465385333","78.348881860565","78.5717355992886","78.7199277903559","78.9769325115514","79.1488871419702","79.3798854072857","79.4970494153111","79.6619522863773","79.911852680599","79.8112770574603","79.960541379476","80.0051701739321","80.1027523665632","80.2864426963296","79.703266865293"
"Life expectancy at birth, total (years)","SP.DYN.LE00.IN","Other small states","OSS","60.2439247154644","60.107415033589","60.098218649019","60.2084173620929","60.4848716045533","60.9093779227342","61.4083031865142","62.0547649186558","62.7972733033368","63.5703349824473","64.3288223545474","65.0317672778953","65.7048157020272","66.3421050607399","66.8943635765796","67.405171797147","67.8329316157233","68.2249235442334","68.548260551348","68.8355848870529","69.0319829742748"
"Life expectancy at birth, total (years)","SP.DYN.LE00.IN","Pacific island small states","PSS","66.5571429763494","66.7980586482053","67.0331283670065","67.2501559475892","67.4456684394182","67.6369310592139","67.7861414607927","67.9483573360965","68.1168076886711","68.2956322368009","68.4852338479117","68.6829850375505","68.8820036078343","69.0773759535279","69.2655398457814","69.4444778564074","69.6137420467649","69.7742832547289","69.9290487994467","70.079731488335","70.2275053761847"
"Life expectancy at birth, total (years)","SP.DYN.LE00.IN","Post-demographic dividend","PST","77.3556439397832","77.6478912712096","77.7872389839108","77.9147266527385","78.3404853409285","78.433321594627","78.7581518249151","79.0118206121399","79.1543506225076","79.4773930642141","79.6861398899548","79.9529505858701","80.086764235398","80.2680847095909","80.5272649290426","80.3950080740628","80.549453599203","80.5975172277642","80.6916638959893","80.8911083268054","80.1643631777941"
"Life expectancy at birth, total (years)","SP.DYN.LE00.IN","Pre-demographic dividend","PRE","50.6737762026223","51.0589412030328","51.5235072181545","52.0550751397586","52.6414834555874","53.2699021996664","53.927440991505","54.6005682656944","55.2759842127003","55.9431876869469","56.5934563204336","57.2241559532433","57.835556803998","58.4260198491734","58.9877812232393","59.5119588731959","59.9919322491828","60.4274565443408","60.8209419966658","61.1759780623445","61.4987693990593"
"Life expectancy at birth, total (years)","SP.DYN.LE00.IN","Small states","SST","63.1100793548011","63.025516105989","63.085034645383","63.140962158548","63.3568736580675","63.6786356065162","64.0438690334374","64.5191082061844","65.0670484175474","65.6435258991843","66.216053798919","66.7539675143599","67.274368139383","67.7717878403263","68.2077719269465","68.613963249702","68.9584179473762","69.2761523057289","69.5421346858479","69.7813233816927","69.9519871025813"
"Life expectancy at birth, total (years)","SP.DYN.LE00.IN","South Asia","SAS","62.8239828121193","63.2289921234106","63.6237710618268","64.0113964571902","64.3951878388299","64.7831708452549","65.1799328896904","65.5877135716036","66.0052497729797","66.4278566886815","66.8487685017748","67.2583161942665","67.6463375441787","68.0077154272803","68.3402033187487","68.6419007195258","68.9161581005149","69.1713277262734","69.4122699440301","69.6436174250367","69.867846801551"
"Life expectancy at birth, total (years)","SP.DYN.LE00.IN","South Asia (IDA & IBRD)","TSA","62.8239828121193","63.2289921234106","63.6237710618268","64.0113964571902","64.39518783883","64.7831708452549","65.1799328896904","65.5877135716036","66.0052497729797","66.4278566886815","66.8487685017748","67.2583161942665","67.6463375441787","68.0077154272803","68.3402033187487","68.6419007195258","68.9161581005149","69.1713277262734","69.4122699440301","69.6436174250367","69.867846801551"
"Life expectancy at birth, total (years)","SP.DYN.LE00.IN","Sub-Saharan Africa","SSF","50.4502139124023","50.7500236632558","51.1481645391024","51.642123874248","52.2247720188521","52.886428261213","53.6142094019721","54.3854324049332","55.1744565424915","55.9611181532545","56.7254700213101","57.4560020826615","58.1495777077899","58.8013862401098","59.4047969219195","59.9528305717917","60.4423935617356","60.8800162996276","61.273032490238","61.6274515420848","61.9511085383077"
"Life expectancy at birth, total (years)","SP.DYN.LE00.IN","Sub-Saharan Africa (excluding high income)","SSA","50.4474908921568","50.7473477113789","51.1457830152127","51.6398937286797","52.2224909603459","52.88432686759","53.6121903665381","54.3834405941101","55.1725555500667","55.9593504659589","56.7237682841055","57.4545069591526","58.1480259219393","58.8000204182101","59.4034933478592","59.9514844902919","60.441109451202","60.8787914144172","61.2719943146726","61.6263561968196","61.9497836200855"
"Life expectancy at birth, total (years)","SP.DYN.LE00.IN","Sub-Saharan Africa (IDA & IBRD countries)","TSS","50.4502139124023","50.7500236632558","51.1481645391024","51.642123874248","52.2247720188521","52.886428261213","53.6142094019721","54.3854324049332","55.1744565424915","55.9611181532545","56.7254700213101","57.4560020826615","58.1495777077899","58.8013862401098","59.4047969219195","59.9528305717917","60.4423935617356","60.8800162996276","61.273032490238","61.6274515420848","61.9511085383077"
"Life expectancy at birth, total (years)","SP.DYN.LE00.IN","Upper middle income","UMC","70.5770520911634","70.8437764355678","71.0940062213322","71.3533197958482","71.6476587366725","71.9055717443263","72.2426780201723","72.559205943795","72.8512528353544","73.1727446810077","73.4553057573176","73.7872626029355","74.0996648235619","74.4151832112109","74.6974461471773","74.9830840216775","75.252182440651","75.522241839414","75.7359495426608","75.9402253347522","75.9769797728818"
"Life expectancy at birth, total (years)","SP.DYN.LE00.IN","World","WLD","67.5489600302155","67.8217449011296","68.0701401856666","68.3260181823437","68.6525098010485","68.9202119548589","69.2622906406328","69.5915488982843","69.8995148225589","70.2464538128511","70.5566902781799","70.8840170316969","71.1732989868535","71.4658644066268","71.7460547253222","71.9521147236676","72.1862300026361","72.3916986676814","72.5744145112694","72.7632228678376","72.747919083206"
,"","","","","","","","","","","","","","","","","","","","","","","",""
,"","","","","","","","","","","","","","","","","","","","","","","",""
,"","","","","","","","","","","","","","","","","","","","","","","",""
Data from database: World Development Indicators,"","","","","","","","","","","","","","","","","","","","","","","",""
Last Updated: 09/16/2022,"","","","","","","","","","","","","","","","","","","","","","","",""
