Series Name,Series Code,Country Name,Country Code,2000 [YR2000],2001 [YR2001],2002 [YR2002],2003 [YR2003],2004 [YR2004],2005 [YR2005],2006 [YR2006],2007 [YR2007],2008 [YR2008],2009 [YR2009],2010 [YR2010],2011 [YR2011],2012 [YR2012],2013 [YR2013],2014 [YR2014],2015 [YR2015]
GDP per capita (current US$),NY.GDP.PCAP.CD,Paraguay,PRY,1663.60493919986,1565.0542885389,1300.85236671095,1365.41641811806,1679.49511989641,1843.634107636,2271.08888540796,2976.84448021129,4047.70244531103,3626.74729344102,4342.06584459985,5326.35828406965,5185.14154871279,5936.97595902248,6118.31811031962,5413.77602061858
GDP per capita (current US$),NY.GDP.PCAP.CD,Afghanistan,AFG, , ,179.426579211394,190.683814295088,211.382074198939,242.031313175022,263.733601866274,359.693157866109,364.6635420423,437.26874023514,543.306526178281,591.190030208565,638.845851607289,624.315454506615,614.223342360392,556.007220861443
GDP per capita (current US$),NY.GDP.PCAP.CD,Africa Eastern and Southern,AFE,713.177899604189,633.548478649454,631.810182054392,819.665920062035,993.668106328172,1129.70120425436,1236.99411346666,1382.73744167547,1442.03101172733,1425.3071682636,1659.65492214657,1810.2291644467,1777.30395005009,1748.9055935618,1736.24221958851,1556.31646949666
GDP per capita (current US$),NY.GDP.PCAP.CD,Africa Western and Central,AFW,525.458896063925,539.338735113671,627.790485557802,706.963981035667,854.514572415174,1016.48643759888,1252.62230380461,1430.83910728174,1707.4384335853,1486.71102495947,1687.58852555283,1862.36510739509,1965.11575000063,2157.4945836876,2212.91409452372,1894.32211518466
GDP per capita (current US$),NY.GDP.PCAP.CD,Albania,ALB,1126.68334010717,1281.6598256178,1425.12421860142,1846.12012081207,2373.58129170055,2673.78658429559,2972.74292399799,3595.03805682893,4370.5399247769,4114.13489916342,4094.34838574494,4437.14261222684,4247.63004748194,4413.06200528903,4578.63320812155,3952.80253807527
GDP per capita (current US$),NY.GDP.PCAP.CD,Algeria,DZA,1765.02714611601,1740.60665427662,1781.82890798394,2103.38129106939,2610.18542243488,3113.09488313746,3478.71000237566,3950.5129931247,4923.63161541179,3883.27090043586,4480.78631766464,5455.67940349747,5592.22011465753,5499.58733105334,5493.05669453687,4177.8895415169
GDP per capita (current US$),NY.GDP.PCAP.CD,American Samoa,ASM, , ,8666.65538195914,8807.46281200101,8528.24877689163,8395.31877025371,8340.52343974691,8874.87792759607,9740.82449121586,11910.013233348,10216.8176306968,10223.2983588916,11496.5240977923,11450.7241954879,11525.1563872309,12059.6351646776
GDP per capita (current US$),NY.GDP.PCAP.CD,Andorra,AND,21854.2468030614,22970.5122133619,25067.2400639132,32272.8458909877,37966.1872524395,40064.2249292197,42674.7589681092,47804.8499340211,48719.6587699036,43504.2156523202,40849.7612766794,43333.9730414795,38684.5665299216,39538.3552064403,41302.3821426181,35770.9186530024
GDP per capita (current US$),NY.GDP.PCAP.CD,Angola,AGO,556.83618223535,527.333528536691,872.494441791273,982.960981888823,1255.56423822184,1902.42214975937,2599.56594793067,3121.99608528081,4080.94101529549,3122.78174333089,3497.9744877961,4518.31335013452,4978.43443525745,5127.71724294327,5094.11232930191,3127.89059784461
GDP per capita (current US$),NY.GDP.PCAP.CD,Antigua and Barbuda,ATG,10872.2929515751,10367.3196068161,10401.0508759034,10797.9510571837,11446.9691417182,12557.5478500769,13995.8044243845,15622.6928710238,16044.1057963132,14160.5620007335,13048.9605816199,12746.6334682021,13272.7349447294,12910.5906255945,13501.5809223367,14285.3297773091
GDP per capita (current US$),NY.GDP.PCAP.CD,Arab World,ARB,2890.16921993897,2768.44611081728,2725.55462756983,2948.57298820179,3430.91351946936,4120.75881414659,4770.61086344643,5419.59957171543,6660.0696885306,5708.70928552045,6556.98797413176,7016.13664676607,7479.25408461195,7465.45547070586,7414.31210944321,6359.90057838383
GDP per capita (current US$),NY.GDP.PCAP.CD,Argentina,ARG,7708.09911454041,7208.37311355372,2593.404563368,3349.80630031036,4277.72157290954,5109.85224490403,5919.01233837714,7245.44685667197,9020.87332314274,8225.13758261645,10385.9644319555,12848.8641969705,13082.664325572,13080.2547323367,12334.7982453893,13789.060424772
GDP per capita (current US$),NY.GDP.PCAP.CD,Armenia,ARM,622.740922945281,694.423455373229,783.241214960091,930.125472654125,1191.92100563238,1643.75688889146,2158.1480742298,3139.28071035448,4010.86138084833,2994.34047090816,3218.37829927419,3525.80719813557,3681.84469060495,3838.17387997786,3986.23162376713,3607.28929855361
GDP per capita (current US$),NY.GDP.PCAP.CD,Aruba,ABW,20614.7993478518,20417.7759623298,20654.4885167631,21070.0717223168,22834.2846487073,23591.1598383737,24495.0153945714,26452.2319491525,28048.1517706491,25170.8323632477,24134.473859403,25849.9640060328,25496.8439417217,26442.4268006965,26895.0571665314,28399.0501310163
GDP per capita (current US$),NY.GDP.PCAP.CD,Australia,AUS,21697.7084797731,19527.3235767954,20117.7888912664,23492.4051742272,30513.9417409748,34080.9998953245,36117.487983674,41001.1429790999,49654.9105957389,42783.3225651148,52087.9722888891,62574.1457032412,68027.8417067378,68156.6279162085,62511.6905895284,56707.0220772116
GDP per capita (current US$),NY.GDP.PCAP.CD,Austria,AUT,24625.6007227434,24558.7636778868,26527.5930910347,32294.0488606559,36889.2335135194,38417.4577857677,40669.3269586152,46915.3374004507,51919.9835754226,48153.3240199631,46903.7615854343,51442.2762464407,48564.9173350875,50731.1272541847,51786.3771747905,44195.8175947748
GDP per capita (current US$),NY.GDP.PCAP.CD,Azerbaijan,AZE,655.119945170816,703.683843432722,763.080637985358,883.733971498452,1045.00937916805,1578.40239029603,2473.08181863536,3851.43786871172,5574.60380218613,4950.29479142375,5843.5337683582,7189.69122920765,7496.29464768263,7875.75695254288,7891.31314749986,5500.31038244408
"GDP per capita (current US$),NY.GDP.PCAP.CD,""Bahamas, The"",BHS,27098.1563186767,27486.2367737544,28867.0824977166,28327.8136706662,28396.0137099278,30279.3922080481,30713.7980618188,31472.2855356015,30627.3277467412,28552.5171624714,28443.8884756689,28005.9124040903,29485.8642228279,28768.7723675108,30154.7386172007,31699.3586317477"
GDP per capita (current US$),NY.GDP.PCAP.CD,Bahrain,BHR,13636.4167499288,12868.1769170821,13049.9097291643,14222.0367965749,15846.5059474506,17959.3968267194,19307.5089373876,20976.442287272,23066.4509824376,19355.9210050895,20722.0704900745,22514.202716483,23654.3695877495,24744.296958551,24989.437527708,22634.0856475674
GDP per capita (current US$),NY.GDP.PCAP.CD,Bangladesh,BGD,418.068942112038,415.034404287378,413.080282638086,446.310675745944,475.291930195819,499.461940239156,509.640189887604,558.051840707954,634.987069668507,702.264419644314,781.153577677298,861.762162181077,883.117129615718,981.860851354457,1118.87380783368,1248.45330989613
GDP per capita (current US$),NY.GDP.PCAP.CD,Barbados,BRB,11268.4200640121,11209.4211248688,11361.5167707179,11699.3704685216,12512.5779652212,13822.7417486972,15199.3902245225,16770.6877710938,17092.3145143461,15885.9698073832,16056.1168470231,16459.0580537494,16250.0123292058,16452.1527077588,16488.5257320926,16558.8647849868
GDP per capita (current US$),NY.GDP.PCAP.CD,Belarus,BLR,1276.2880341,1244.37318523431,1479.31458271677,1819.76605926177,2378.62328600741,3125.81053502853,3847.43412382153,4735.65760793999,6377.36973201232,5352.5839116007,6033.6862392722,6527.17386871642,6953.13251493684,7998.12523878099,8341.39967861093,5967.05220384914
GDP per capita (current US$),NY.GDP.PCAP.CD,Belgium,BEL,23098.8865077401,23015.0712632462,25006.191397109,30655.2092679024,35429.4077933344,36809.7013403619,38705.1067959147,44319.165448813,48303.397956286,44760.2912443709,44184.946353964,47410.5669277464,44670.5606845101,46757.9518559598,47764.0715120833,41008.296719472
GDP per capita (current US$),NY.GDP.PCAP.CD,Belize,BLZ,3364.49173102584,3417.09022428717,3553.12137753665,3677.15200183116,3824.92738226594,3916.35537819234,4157.19303528438,4290.90144499547,4408.38293123624,4196.99503148366,4304.11110815138,4441.73875473964,4530.60480052994,4575.68095648484,4744.10894523227,4805.19685237279
GDP per capita (current US$),NY.GDP.PCAP.CD,Benin,BEN,512.673901962619,518.067474134696,574.929798155789,711.284954771847,798.744304503809,822.785143124704,856.054916559873,966.203618310158,1125.42613398072,1088.75790573459,1036.53451502404,1130.27325128015,1145.14010479477,1251.20976745379,1291.41018480579,1076.79669785585
GDP per capita (current US$),NY.GDP.PCAP.CD,Bermuda,BMU,56284.1686478094,58883.9594265967,62583.1002034588,66111.7252270035,70359.3191088798,75882.0338560339,95221.8588720301,104287.387498459,106935.486341979,101407.764031934,101875.28407346,97774.1620717428,98431.8651810241,99471.6388978631,98467.683993982,102005.62564189
GDP per capita (current US$),NY.GDP.PCAP.CD,Bhutan,BTN,718.196336969414,764.432808246182,845.500672103578,962.095371307745,1068.43181141275,1228.43235572338,1330.97744400874,1757.19049597895,1828.1546768491,1819.19730959964,2258.18643535953,2563.261223801,2538.94951919964,2472.72475320595,2652.22565438023,2752.63017233678
GDP per capita (current US$),NY.GDP.PCAP.CD,Bolivia,BOL,997.581750795456,948.870204281826,904.225791906036,907.537409937411,967.406459987634,1034.31180576725,1218.87407426264,1372.62837376384,1715.20839539465,1754.20946663836,1955.460180975,2346.3378439235,2609.88056208632,2908.200370948,3081.87882365163,3035.97165495107
GDP per capita (current US$),NY.GDP.PCAP.CD,Bosnia and Herzegovina,BIH,1484.17605712863,1544.60207235926,1789.85769192163,2258.94644489051,2698.46718002684,2980.60126667992,3416.51237636652,4193.36800523416,5090.94582526073,4714.69373721219,4635.5102002738,5092.55472521264,4777.06691952937,5129.6635340307,5330.35507751851,4729.69005416208
GDP per capita (current US$),NY.GDP.PCAP.CD,Botswana,BWA,3522.3108214571,3278.01607934706,3190.62481146154,4330.97236855283,5073.52040802149,5513.33106259322,5521.99060810445,5832.73705168476,5713.54393106428,5255.77653269313,6434.81248526822,7617.31004132551,7050.57347186681,7224.91273728564,7495.22086608805,6402.91018338391
GDP per capita (current US$),NY.GDP.PCAP.CD,Brazil,BRA,3749.91084752888,3160.24934491441,2839.49150108966,3070.43641941942,3637.3138901512,4790.45656586131,5886.39152194816,7348.18796290712,8831.18364277674,8597.79433526264,11286.071540212,13245.387369564,12370.2232548476,12300.3867121004,12112.8349554875,8813.98980647828
GDP per capita (current US$),NY.GDP.PCAP.CD,British Virgin Islands,VGB, , , , , , , , , , , , , , , , 
GDP per capita (current US$),NY.GDP.PCAP.CD,Brunei Darussalam,BRN,18012.5021948953,16472.0032948215,16850.3940790817,18560.5035016224,21902.0271176465,26105.4220290571,30979.9628427354,32663.3923711414,37934.6764481019,27956.0051426256,35270.6421390658,47055.960643203,47739.5576931563,44740.8594244355,41725.8675220155,31164.0362528468
GDP per capita (current US$),NY.GDP.PCAP.CD,Bulgaria,BGR,1621.24296080247,1770.91353394746,2092.95769387611,2719.49765607059,3389.70704883102,3899.90763774017,4523.0508329806,5885.10434781837,7265.73549682997,6988.23332468094,6853.00285388669,7849.16528274432,7432.47876568071,7681.93461995882,7901.78587639382,7074.68102325059
GDP per capita (current US$),NY.GDP.PCAP.CD,Burkina Faso,BFA,255.718687257319,267.097599629023,294.665388546593,374.627357970473,418.37666028192,457.933430763383,473.449868166334,535.062279451535,643.404581023036,624.175164544582,647.836095537879,751.172770411005,758.000426972403,787.469438309085,792.84623742527,653.32726813947
GDP per capita (current US$),NY.GDP.PCAP.CD,Burundi,BDI,136.46397080034,134.363426917623,123.117536141087,113.567251308875,128.336702810905,151.681566343002,167.376462504995,172.495596648941,198.352851736367,212.137057219997,234.235538877634,249.577979366801,252.362469586451,256.97369793085,274.857836231788,305.511144099475
GDP per capita (current US$),NY.GDP.PCAP.CD,Cabo Verde,CPV,1259.35306724402,1292.22651152195,1401.89107297649,1809.11002984768,2024.26638129338,2099.14841708582,2361.38010115423,3186.77993467023,3721.21999284574,3517.43015558829,3378.3234334576,3740.37410269948,3447.48310007387,3616.03556968932,3588.62558418407,3043.03138156811
GDP per capita (current US$),NY.GDP.PCAP.CD,Cambodia,KHM,300.613679010462,321.150223642203,338.987477292196,362.335482179797,408.513638761735,474.111192071079,539.750328907744,631.525257592679,745.609126957526,738.054731249444,785.50266705782,882.275613986604,950.880345993697,1013.42053550135,1093.49597573908,1162.90499489402
GDP per capita (current US$),NY.GDP.PCAP.CD,Cameroon,CMR,681.102042961201,687.648134393621,759.111851391454,950.564863700067,1090.78533201113,1100.17492617744,1147.4365999036,1277.51680707357,1439.5478041268,1411.47457192714,1352.30227450638,1465.14578817708,1403.52291521783,1527.75125667954,1604.21403479187,1382.5097900241
GDP per capita (current US$),NY.GDP.PCAP.CD,Canada,CAN,24271.0020563821,23822.0601178964,24255.3385818322,28300.4630963791,32143.6814078562,36382.5079164537,40504.0607253203,44659.8951408034,46710.5055759013,40876.3101540295,47562.0834253057,52223.696112356,52669.0899632316,52635.1749580433,50955.9983232404,43596.1355365546
GDP per capita (current US$),NY.GDP.PCAP.CD,Caribbean small states,CSS,5258.30631040722,5379.45947523716,5605.43480993841,5951.05540903911,6464.67112791703,7260.7958994544,8206.16234157104,9060.80402067854,10234.8099555091,8588.7150627434,9263.02959117107,9929.77086184186,10200.0202818354,10321.2403217316,10402.3136658726,10181.8061569933
GDP per capita (current US$),NY.GDP.PCAP.CD,Cayman Islands,CYM, , , , , , ,82801.5434668214,85433.0302798866,85188.3360285903,77400.4223698874,73351.75776478,72329.6622984,72777.1478369284,73514.6696504991,74990.4327442868,76284.1942951101
GDP per capita (current US$),NY.GDP.PCAP.CD,Central African Republic,CAF,251.832764026789,250.576194304531,261.976420476007,294.321327687009,321.312654091098,331.294821098185,354.986192001824,404.909402958549,466.472320325332,476.616262813476,488.421735800876,551.749721946219,565.80120711394,380.29791114378,424.449131659484,377.422917680195
GDP per capita (current US$),NY.GDP.PCAP.CD,Central Europe and the Baltics,CEB,3949.43197046066,4354.67980482936,4940.11014435571,5947.4261613792,7177.69291537817,8363.20159258333,9481.91681417883,12021.4524133531,14599.3197480112,12317.6573407904,12623.5603867693,13912.67052971,13020.7438173854,13718.1839991524,14164.074448906,12522.6610570363
GDP per capita (current US$),NY.GDP.PCAP.CD,Chad,TCD,166.175708881786,197.146082103195,221.416536911391,292.600880182047,454.336365239401,658.566973042801,710.396398684645,799.603741996266,929.382751892261,803.686388398795,892.568869694168,984.736130484829,967.352948812122,979.811742616759,1020.28797948927,776.019752284262
GDP per capita (current US$),NY.GDP.PCAP.CD,Channel Islands,CHI,43380.8029830685,41807.079018288,44544.3645088747,48861.0256251918,56753.205046999,58199.1605496003,63244.925375939,74463.0159204917, , , , , , , , 
GDP per capita (current US$),NY.GDP.PCAP.CD,Chile,CHL,5100.25413288222,4609.21396034224,4481.83125502139,4827.08337797237,6186.66271596597,7558.37175410092,9406.58448549129,10439.428464249,10752.9723000388,10151.058524965,12724.10406267,14577.6326608147,15354.6184041413,15777.7815089667,14606.9967241905,13495.0106099649
GDP per capita (current US$),NY.GDP.PCAP.CD,China,CHN,959.372483635864,1053.10824300262,1148.50829043887,1288.64325183475,1508.66809788453,1753.41782926104,2099.22943460734,2693.97006340427,3468.30460207977,3832.23643246922,4550.45310775599,5614.35213522114,6300.61511825789,7020.33848453658,7636.11660125502,8016.43143498003
GDP per capita (current US$),NY.GDP.PCAP.CD,Colombia,COL,2520.48108876016,2439.68245582205,2396.62712731836,2281.40176243006,2782.62318502156,3414.46515834714,3741.09283661273,4714.07305530503,5472.53652992425,5193.24145795078,6336.70947398466,7335.16693447605,8050.2553716705,8218.34784431476,8114.3439208516,6175.87602970258
GDP per capita (current US$),NY.GDP.PCAP.CD,Comoros,COM,647.425811810504,680.905572824133,747.9888625038,937.710896345202,1061.07554752819,1069.02942631854,1114.94528131922,1240.09252846752,1393.21603163764,1344.73040600031,1316.49121286421,1447.94514377496,1403.36025196698,1505.33729247147,1513.8303792438,1242.58560784999
"GDP per capita (current US$),NY.GDP.PCAP.CD,""Congo, Dem. Rep."",COD,405.216218582649,153.591044080197,175.009951043154,173.796125167459,194.040002646806,218.386226715772,255.433043197206,286.330472470967,327.563721821663,298.619691614791,334.02157774666,387.082476958569,424.60037381496,457.963747509632,486.787095119436,497.317039077365"
"GDP per capita (current US$),NY.GDP.PCAP.CD,""Congo, Rep."",COG,1032.137575841,869.100509658205,916.588002746542,1028.41517522533,1326.59660693454,1835.60990812416,2155.40635716309,2265.84745323119,2904.12449601328,2345.56373527156,3076.55644910171,3562.21761464661,3922.86884155231,3884.85068638902,3781.51573466687,2448.52377758887"
GDP per capita (current US$),NY.GDP.PCAP.CD,Costa Rica,CRI,3789.05388636246,3960.30770307437,4042.70568601112,4147.82436893773,4404.71188429689,4676.37936564326,5227.46595193036,6103.74191702863,6901.38830612557,6801.0367345982,8227.12749376825,9229.83451670274,10075.0046155772,10744.0910189401,10847.1696673041,11642.7780517123
GDP per capita (current US$),NY.GDP.PCAP.CD,Cote d'Ivoire,CIV,1007.46738950787,997.478784298968,1047.75226537277,1207.51264780389,1308.28781982945,1309.59165283165,1347.98882431501,1500.1678051495,1738.19210063228,1689.34476162095,1701.47570153451,1744.93889693088,1684.78158626771,1935.94684530882,2156.64588308807,1972.54568305836
GDP per capita (current US$),NY.GDP.PCAP.CD,Croatia,HRV,4887.71371564115,5412.92513590593,6293.22529907248,8129.79458409902,9747.44077059414,10621.507456753,11797.4744733882,14046.3168101588,16416.5868076948,14653.0435549819,14067.5231191915,14757.1803401768,13401.6566203283,13837.7316376587,13762.3728630599,11933.3773788281
GDP per capita (current US$),NY.GDP.PCAP.CD,Cuba,CUB,2747.10030348478,2837.73573008299,2999.24176296717,3197.13318464341,3395.71084290657,3786.66345042341,4336.63802470136,4822.88739601325,5010.4347148258,5120.06423622034,5305.88357790134,6139.71878325885,6497.31476421306,6837.71167985881,7133.33767875907,7694.01463710941
GDP per capita (current US$),NY.GDP.PCAP.CD,Curacao,CUW, , , , , , , , , , , ,19446.4565747102,19886.6783682132,19762.739621629,19552.660553207,19260.269845345
GDP per capita (current US$),NY.GDP.PCAP.CD,Cyprus,CYP,14388.34765625,14821.447265625,16093.21484375,20252.23828125,23792.62109375,24959.259765625,26729.32421875,31244.92578125,35397.36328125,32109.2421875,31023.638671875,32396.38671875,28912.15625,27729.193359375,27163.33203125,23408.3359375
GDP per capita (current US$),NY.GDP.PCAP.CD,Czechia,CZE,6029.03819275358,6637.04165713981,8060.86870292424,9818.56849307488,11749.8526643577,13430.6698955613,15261.7975911138,18466.5479299216,22804.5776774507,19861.6974295256,19960.0684872157,21871.2660754128,19870.8012123403,20133.1691431353,19890.9199056648,17829.6983223668
GDP per capita (current US$),NY.GDP.PCAP.CD,Denmark,DNK,30743.5476816354,30751.654348268,33228.6935448819,40458.7773986609,46511.5983324305,48799.8256011275,52026.9995142723,58487.0549677696,64322.0635020842,58163.2768762815,58041.3984363385,61753.647131977,58507.5080517852,61191.1937042028,62548.9847332908,53254.8563700916
GDP per capita (current US$),NY.GDP.PCAP.CD,Djibouti,DJI,768.183570343678,780.903961316367,791.384180673324,818.868785719334,863.236087368575,904.736679476444,967.679583807819,1052.71911700699,1223.85236343692,1267.31739354562,1343.27512498519,1451.54808090617,1559.24065068226,2312.7209484209,2464.29490507649,2652.51322808034
GDP per capita (current US$),NY.GDP.PCAP.CD,Dominica,DMA,4787.80144106777,4883.00302426696,4770.85189427687,4897.30836653892,5216.87243383011,5160.88914077013,5518.42319991872,5951.86341333777,6468.94476681711,6903.14580614942,6967.36495514661,7065.46037237599,6849.45593336945,7016.380071478,7317.48614321654,7597.28889409255
GDP per capita (current US$),NY.GDP.PCAP.CD,Dominican Republic,DOM,2869.17813861021,2977.43451003068,3110.32544702737,2418.35042158878,2487.32906105687,3932.78440650852,4109.03359145391,4707.79505245725,5087.98321278434,5039.40312212985,5555.39201393816,5913.42664885493,6110.36657603383,6238.13236658362,6608.82550130065,6921.52059432776
GDP per capita (current US$),NY.GDP.PCAP.CD,Early-demographic dividend,EAR,1367.85707085699,1332.27429116137,1273.37842196188,1393.7044925229,1596.4278155565,1831.7955181291,2061.38123922484,2400.89818000514,2666.08339780115,2533.92124398268,3026.52049591139,3293.35076517875,3390.88813635468,3389.95390993475,3457.59848946627,3244.23703420959
GDP per capita (current US$),NY.GDP.PCAP.CD,East Asia & Pacific,EAS,4089.16446174242,3769.28548391654,3796.86834112731,4141.86157205643,4610.57840720452,4882.83554366986,5137.09608054417,5699.82254742359,6525.36467498784,6669.22869232025,7731.8626334469,8903.49098715573,9450.12517513162,9482.16395349482,9707.50684455441,9599.41408175118
GDP per capita (current US$),NY.GDP.PCAP.CD,East Asia & Pacific (excluding high income),EAP,954.967433717903,1007.65379517393,1105.28097355276,1239.44944142187,1426.58402066426,1639.27563375375,1958.59776543396,2457.24155806566,3084.96151257678,3321.96527747499,4012.99240167619,4869.11399355913,5385.22891874283,5891.96502785416,6301.08681366193,6511.25811795966
GDP per capita (current US$),NY.GDP.PCAP.CD,East Asia & Pacific (IDA & IBRD countries),TEA,965.751348773603,1019.02708311696,1117.75772149258,1253.47547000783,1442.78057141016,1657.91824268219,1980.89347019982,2485.20926849616,3120.03224980088,3359.593936168,4058.46158879,4924.19486159731,5445.92506974354,5958.15919298037,6371.66041931644,6583.95345551637
GDP per capita (current US$),NY.GDP.PCAP.CD,Ecuador,ECU,1445.27932442901,1894.61619585804,2172.1018772447,2425.85184175715,2691.27768473838,3002.13860439139,3328.88415626323,3567.83718649963,4249.01896979445,4231.61923466057,4633.59128443099,5200.55510783504,5682.04610814497,6056.33121253813,6377.09392877257,6124.49088707134
"GDP per capita (current US$),NY.GDP.PCAP.CD,""Egypt, Arab Rep."",EGY,1450.47624243298,1378.20338333845,1191.10323854218,1102.46819936156,1062.15809193398,1186.39331322717,1397.43669004643,1667.3179980551,2044.52780415176,2331.26884011057,2645.96875877924,2791.81076592794,3229.6856303038,3262.65758647104,3379.55798627058,3562.93265798423"
GDP per capita (current US$),NY.GDP.PCAP.CD,El Salvador,SLV,2001.54004887966,2072.3015906358,2124.10181983345,2209.4972451963,2278.4303299528,2428.56887928932,2631.82273894031,2786.15777431659,2933.3942401921,2858.48334388385,2983.2288061357,3266.01097774165,3428.40933246681,3509.52653622458,3589.04288461991,3705.57970353453
GDP per capita (current US$),NY.GDP.PCAP.CD,Equatorial Guinea,GNQ,1725.55758427978,2313.16593689273,2744.19148324865,3618.54447564811,6152.13123760173,10963.4063784924,12857.3688248227,15908.4111920336,22942.6101005186,16668.1216976014,17288.8412777624,21641.6950791415,21711.1532298542,20390.7382585315,19394.0818360782,11283.3980158847
GDP per capita (current US$),NY.GDP.PCAP.CD,Eritrea,ERI,308.134186808579,316.823953429739,293.955672417246,334.585571541238,407.769076960812,388.595947483174,415.036030549833,439.8321033782,450.632398910533,595.109987185412,501.355316997143,642.508258796603, , , , 
GDP per capita (current US$),NY.GDP.PCAP.CD,Estonia,EST,4070.60902410208,4505.85833233188,5341.62894677002,7203.52303786646,8914.10355674451,10412.6443137966,12639.4000677296,16744.5844516343,18204.9664786762,14711.7352728223,14663.0446126465,17487.8047830922,17403.2053254767,19056.0019226989,20261.0667303886,17402.0376128079
GDP per capita (current US$),NY.GDP.PCAP.CD,Eswatini,SWZ,1728.71049762741,1521.76907531716,1405.44870562975,2148.632475194,2699.13074169713,3083.83814075588,3176.69116821334,3327.44513395798,3137.38726604361,3385.85884592044,4168.48940292685,4496.61336050974,4527.56503878653,4230.17126641521,4039.15934079483,3680.34947283775
GDP per capita (current US$),NY.GDP.PCAP.CD,Ethiopia,ETH,124.460790874921,120.765783730897,111.927225125,119.49039595567,136.466250038215,162.43272862793,194.687432935553,244.286052292978,326.436822761984,380.569003212934,341.554122699663,354.4795719088,467.07787183328,499.531530164228,566.92640288853,640.541923075422
GDP per capita (current US$),NY.GDP.PCAP.CD,Euro area,EMU,20215.6340446936,20450.6697268485,22213.4240718939,27194.451566343,31006.7816534099,31949.4839198564,33796.5394646881,38717.268125611,42355.1551002282,38580.8460336337,37605.9002389586,40657.6001355346,37595.8770917292,39120.333344785,39912.4423189022,34388.2837816778
GDP per capita (current US$),NY.GDP.PCAP.CD,Europe & Central Asia,ECS,11683.4944142522,11785.3836615097,12887.4011671305,15628.7803616658,18159.727096775,19260.7844651826,20795.9467892329,24217.7484273042,26535.469485215,23247.4293458128,23680.2274571527,26191.5672711685,25132.530916951,26147.7010456555,26388.2237901521,22624.9153940933
GDP per capita (current US$),NY.GDP.PCAP.CD,Europe & Central Asia (excluding high income),ECA,1795.74807319066,1774.40477914065,2033.07343588009,2563.03372263433,3394.14932015545,4289.20093333684,5252.09739365077,6740.23702138981,8320.19866219536,6489.46005441397,7816.1958048206,9654.38147009763,10235.1186293454,10778.376057206,9921.60940936095,7485.82692616597
GDP per capita (current US$),NY.GDP.PCAP.CD,Europe & Central Asia (IDA & IBRD countries),TEC,2059.06259125328,2096.89614273466,2359.84544597356,2900.75809664346,3751.47686262117,4696.16930145589,5673.38494849802,7285.22807635508,8994.91821773731,7103.46885949562,8309.82209352,10041.7973886301,10432.4712132893,11000.6591158592,10330.8050493611,8019.8978816306
GDP per capita (current US$),NY.GDP.PCAP.CD,European Union,EUU,16947.6248565752,17199.1114452996,18761.1441303836,22968.3491203586,26308.6808049929,27344.6744545107,29093.7784590019,33591.3851191627,37050.4489182588,33484.2059573028,32970.7154673437,35756.3290273508,33158.8921437288,34578.0519280536,35286.1173778772,30485.0288067203
GDP per capita (current US$),NY.GDP.PCAP.CD,Faroe Islands,FRO,22856.7388330401,24724.4579532836,27021.8119985467,31624.5133112884,35886.9157317247,36756.121667869,42153.9419654639,48784.8905002297,52034.5790292303,48011.8931139898,48578.5968147873,52267.1231834658,50464.6586679884,55892.2870235945,60484.3407300749,53310.2620055228
GDP per capita (current US$),NY.GDP.PCAP.CD,Fiji,FJI,2069.31745471458,2030.24635131517,2248.71419119053,2818.91392042135,3311.15989532504,3627.63285585254,3715.93265705693,4040.15211916504,4167.69493510221,3362.82049454372,3652.53593320954,4371.44738457557,4591.57701506207,4840.72726987242,5605.60914844185,5390.71420703085
GDP per capita (current US$),NY.GDP.PCAP.CD,Finland,FIN,24345.9148217032,24967.7925153182,26997.7529897788,32927.6802919408,37772.1781110398,39054.8504423825,41222.6020004611,48476.3927287052,53772.7942390019,47481.4845364339,46505.3031791811,51148.9316365833,47708.0612784469,49892.2233632732,50327.2402902632,42801.9081167285
GDP per capita (current US$),NY.GDP.PCAP.CD,Fragile and conflict affected situations,FCS,861.880615207206,840.925675892422,806.827648958744,825.383553399472,1017.91398993287,1249.78339107074,1508.06865190428,1795.62078885707,2226.97242731192,2011.79684482537,2318.67168104477,2131.99648707886,2329.57983711507,2359.48032894864,2428.44361702328,1913.6920361632
GDP per capita (current US$),NY.GDP.PCAP.CD,France,FRA,22419.6948211313,22452.9823753273,24292.5802304835,29633.6789794897,33803.3095951203,34773.1501479027,36474.1595859967,41561.2005095485,45519.2968812949,41740.2430343475,40677.9851405443,43848.106054888,40872.3624615688,42605.0443782179,43068.5487241739,36652.9223052178
GDP per capita (current US$),NY.GDP.PCAP.CD,French Polynesia,PYF,14350.6158563333, , , , , , , , , , , , , , ,19500.1008550573
GDP per capita (current US$),NY.GDP.PCAP.CD,Gabon,GAB,4135.99238007722,3993.03133624881,4141.43436559775,4933.46216999793,5739.61320363785,6891.36192038265,7221.36987650987,8458.3091787108,10254.1719573595,7721.01895290081,8849.32260799167,10809.6849503904,9813.50574650818,9683.58161951252,9663.42411002585,7384.70070393071
"GDP per capita (current US$),NY.GDP.PCAP.CD,""Gambia, The"",GMB,594.149388499649,505.421636114705,411.771893943142,335.906216950504,642.756218338464,665.720215700547,662.362877179135,780.381050920518,924.509874593614,833.28136036521,860.636433851486,762.763117720034,742.777628631243,700.516042152833,607.429904651813,660.723571244322"
GDP per capita (current US$),NY.GDP.PCAP.CD,Georgia,GEO,749.908534993961,801.990413888373,853.516453713318,1010.0079801313,1305.04748557208,1642.76093756395,1996.05712927664,2635.35388202963,3324.73587905411,2822.66743023352,3233.29594347421,4021.74330617286,4421.81824228013,4623.74572473419,4739.18833846421,4014.18594419329
GDP per capita (current US$),NY.GDP.PCAP.CD,Germany,DEU,23694.7604830673,23628.3272122367,25197.2656001848,30310.3575963774,34106.6581224001,34520.2396492496,36353.8803343631,41640.0808695147,45612.7106221441,41650.3678297162,41572.4559481507,46705.8957963353,43855.8544658618,46298.9229177341,48023.8699845462,41103.2564363768
GDP per capita (current US$),NY.GDP.PCAP.CD,Ghana,GHA,258.471039929679,269.014984764581,304.564635977066,367.821362113662,417.508066727662,492.54405617264,913.393849309942,1081.16631826269,1217.06443549146,1077.66205832571,1299.34521164062,1549.46271883345,1587.56093185809,2361.09032388366,2012.26424719728,1774.07477092508
GDP per capita (current US$),NY.GDP.PCAP.CD,Gibraltar,GIB, , , , , , , , , , , , , , , , 
GDP per capita (current US$),NY.GDP.PCAP.CD,Greece,GRC,12072.9293569196,12549.036894906,14177.5721592705,18518.3788387396,21995.477943746,22560.1472939077,24821.9367451879,28863.9732885018,32127.9831943287,29828.7560245271,26716.6488260274,25483.8825644931,21912.9982879517,21787.7877636035,21616.7100094908,18083.8779056547
GDP per capita (current US$),NY.GDP.PCAP.CD,Greenland,GRL,19004.1072910304,19275.4733376066,20652.8783287878,27459.7627839484,32023.4522076237,32489.7819085278,35458.1231210482,39780.9514445753,44367.0556497873,44918.5648770756,43988.3324931946,47186.9814680048,45936.7659516989,47535.5899453685,50484.9275739023,44536.4013080999
GDP per capita (current US$),NY.GDP.PCAP.CD,Grenada,GRD,5056.97725886957,5041.01223518709,5213.79564944542,5682.70537780071,5741.65365795136,6645.98554869724,6658.22358599046,7212.98681909237,7832.34908101916,7290.83493771026,7258.16656084855,7291.74166956273,7444.08907474276,7789.63235505594,8370.04047206067,9096.53865246322
GDP per capita (current US$),NY.GDP.PCAP.CD,Guam,GUM, , ,21594.0396887506,22628.278691123,24472.7820157628,26596.2147898438,26713.0583867531,27680.5499597099,29288.7818557946,30320.538585209,31040.0842955613,31210.4702861795,32908.3067691731,33656.4535735436,34843.2055749129,35829.2503598989
GDP per capita (current US$),NY.GDP.PCAP.CD,Guatemala,GTM,1664.29895827045,1550.36036555447,1682.99450068936,1737.87928692973,1859.098363351,2068.50012859333,2251.08796275499,2490.74912665208,2802.46196190125,2651.81712283814,2852.54732650116,3228.0457411296,3355.03691881272,3522.77370621475,3779.64233613025,3994.63691288475
GDP per capita (current US$),NY.GDP.PCAP.CD,Guinea,GIN,363.482279266615,336.154020658897,343.602631207699,393.739689850048,407.300975937447,322.415540033465,453.403713310942,659.992930975674,715.096526700444,674.085482596146,672.424930359396,651.136113367998,717.050535937992,769.003166697833,787.238564407157,769.255475432822
GDP per capita (current US$),NY.GDP.PCAP.CD,Guinea-Bissau,GNB,308.910318401872,319.957449358104,333.058579332506,372.056194872066,405.075118373342,436.475220248958,430.003940275091,493.721993219248,599.995237190988,559.414570857329,558.174668134758,703.66056725746,616.37566403413,634.662039138969,623.313091387687,603.399381547733
GDP per capita (current US$),NY.GDP.PCAP.CD,Guyana,GUY,954.400318095334,955.665380611907,974.949193282042,997.211372858551,1056.42388561094,1105.50682477118,3188.67316016589,3658.47996657813,4050.78623700136,4233.76614276173,4580.69876204788,4908.56644826434,5378.81087848265,5489.14072551384,5407.14736611728,5576.82585151355
GDP per capita (current US$),NY.GDP.PCAP.CD,Haiti,HTI,805.025632473004,735.521117948839,692.030162929914,542.333596073937,667.282546430327,781.276657785884,804.524511910761,1002.88848691754,1086.93819183192,1183.60485420762,1191.97266373335,1287.95465003201,1337.33594561281,1432.83761766692,1435.13647023104,1386.85419078846
GDP per capita (current US$),NY.GDP.PCAP.CD,Heavily indebted poor countries (HIPC),HPC,374.084807540271,353.593795941644,369.968949886844,407.005929631146,455.97816799478,509.408659232528,584.165888219158,681.346748146828,788.339488231898,775.554346684538,833.390287653644,908.256505925906,916.195272299863,991.374996400154,1024.1892218116,965.769550101732
GDP per capita (current US$),NY.GDP.PCAP.CD,High income,HIC,25224.9637899144,24822.4260098061,25723.7291265166,28653.8671033558,31694.4102613267,33295.5282217745,34919.6749300036,37953.0334455438,40116.2261505673,37307.3337788378,38836.6711310629,41742.1587271303,41524.8892400313,41805.7511152502,42455.8235365012,39847.261775534
GDP per capita (current US$),NY.GDP.PCAP.CD,Honduras,HND,1093.10810013815,1133.18637171644,1134.06444483715,1158.17808340909,1217.81802119982,1308.09196975644,1430.05761350212,1583.04745080536,1739.35337734076,1789.70555323308,1904.34715184132,2088.3155465311,2144.34236301027,2102.59244935157,2206.05439745471,2302.20441093316
"GDP per capita (current US$),NY.GDP.PCAP.CD,""Hong Kong SAR, China"",HKG,25756.6637783278,25230.2163329516,24665.8899982779,23977.0194516698,24928.1003722551,26649.750801707,28224.2150609389,30594.0178410231,31515.6627713018,30697.340383517,32549.998231121,35142.4879344543,36730.8767001128,38403.7777145477,40315.2855640552,42431.8882817277"
GDP per capita (current US$),NY.GDP.PCAP.CD,Hungary,HUN,4624.28165670295,5276.03318905496,6655.33300865319,8421.10331316153,10303.704193626,11225.9325815328,11493.1004118789,13944.9710132004,15777.1920232033,13081.7926445778,13223.0830027699,14240.2575010219,12989.1802815896,13719.9505393621,14298.833667395,12720.7120220668
GDP per capita (current US$),NY.GDP.PCAP.CD,IBRD only,IBD,1467.45532011106,1468.68359761598,1474.61642748741,1639.98111342312,1933.95090947745,2288.20844275706,2685.97583599395,3302.73730000928,3924.50088838119,3768.85881383399,4539.71471942632,5319.54773706106,5594.61308923904,5844.71035423873,5980.85338732097,5547.67960198438
GDP per capita (current US$),NY.GDP.PCAP.CD,Iceland,ISL,32096.3722613695,28897.4439396908,32409.2161491753,39476.6978486684,47334.9306537723,56794.8501588953,57492.9342498703,69495.7267376825,56943.3704468563,41301.273219718,43237.0729488958,47714.5922308485,45995.5478789467,49804.9829978371,54576.7448146565,52951.6815110898
GDP per capita (current US$),NY.GDP.PCAP.CD,IDA & IBRD total,IBT,1260.79004476277,1257.73118177846,1265.20019100399,1401.81708619868,1646.569514979,1938.86412997676,2270.22133206613,2769.59163583207,3279.62166548516,3146.43407774369,3759.97121988779,4343.99624780833,4552.29184868827,4751.11699123769,4859.13548899751,4509.58986774247
GDP per capita (current US$),NY.GDP.PCAP.CD,IDA blend,IDB,573.992377028281,559.67318375783,604.230969452289,663.9363820141,789.595556634553,922.370976132162,1127.25306152965,1269.45598297563,1472.75135594425,1363.65651736468,1556.63014704588,1742.58963530391,1882.6813018219,1997.46802075499,2093.79219462736,1972.14715286671
GDP per capita (current US$),NY.GDP.PCAP.CD,IDA only,IDX,459.586142267623,453.274468668583,465.997020673563,502.36029574239,563.880109605668,633.347837660859,710.934519742225,822.467394846487,963.664345347452,971.291533362749,1069.97600108534,958.790464182684,938.739035303678,997.036903720709,1041.97787322696,1024.88610468594
GDP per capita (current US$),NY.GDP.PCAP.CD,IDA total,IDA,496.90406611793,487.859169224006,511.370140498095,555.480662345395,638.472081271393,729.105957985331,849.505620504076,971.101315188662,1132.96546518628,1101.69632137224,1232.05591246164,1220.83348166782,1254.82705273956,1332.40037785955,1394.91775490272,1342.99940360811
GDP per capita (current US$),NY.GDP.PCAP.CD,India,IND,443.314193811316,451.572997293746,470.986786810734,546.726613494985,627.774241726543,714.8610153644,806.753280628799,1028.33477194577,998.522341514181,1101.96083821252,1357.5637268318,1458.10406619579,1443.88243476138,1449.61045069641,1573.88564182956,1605.60544457087
GDP per capita (current US$),NY.GDP.PCAP.CD,Indonesia,IDN,780.19020467518,748.257608719846,900.177588137897,1065.6485199064,1150.26136651088,1263.28733171098,1589.80148866142,1860.00281113287,2166.85423141608,2261.24730903274,3122.36267319362,3643.04717619274,3694.35933980214,3623.92724054274,3491.63749125449,3331.69511469189
"GDP per capita (current US$),NY.GDP.PCAP.CD,""Iran, Islamic Rep."",IRN,1670.0096735653,1909.41230644823,1911.67864944298,2253.93583450566,2756.19882213993,3246.05112244352,3774.35805548168,4904.6661830977,5717.31414752978,5709.94829332501,6599.66093791004,8389.27391286979,8525.76813627627,6443.02978533072,5943.04810717544,5200.68078673413"
GDP per capita (current US$),NY.GDP.PCAP.CD,Iraq,IRQ,2058.26440082449,1494.38880236281,1320.73470598956,854.825280833723,1391.96348940291,1855.52234835917,2373.20944765192,3182.8413509962,4636.63932484705,3853.82862013793,4657.28026921588,6045.4945669195,6836.07399513338,7076.55226525188,6637.68437454551,4688.31801743466
GDP per capita (current US$),NY.GDP.PCAP.CD,Ireland,IRL,26334.5672050501,28282.409882073,32705.4345565698,41203.5295847568,47754.2023194244,50933.0216095589,54329.1618599624,61396.417461176,61353.1065629523,52133.0906162544,48655.3661626634,52177.1126832014,49026.0230672702,51533.0345651701,55599.850799684,62012.4849258149
GDP per capita (current US$),NY.GDP.PCAP.CD,Isle of Man,IMN,20322.6820152294,21351.116935905,24864.4362949409,29522.2777941644,35494.6673353434,37766.6795361987,42107.8372346818,54196.3017277391,70986.3013336808,65029.0197548044,69767.343364103,77349.2252431953,79148.3322507324,83357.1326843437,92334.6463139171,85126.9704694293
GDP per capita (current US$),NY.GDP.PCAP.CD,Israel,ISR,21061.4822833993,20316.2480483237,18439.6461555058,18991.3798529841,19910.6106710093,20585.1386127162,21853.140239801,24952.5475909074,29650.7702509045,27780.4637181529,30780.0238155167,33775.5120004457,32667.6068723254,36499.4561082284,37847.6499432106,35808.4364289727
GDP per capita (current US$),NY.GDP.PCAP.CD,Italy,ITA,20137.5912217673,20500.9543995672,22376.2978989329,27526.3224609957,31317.2007943296,32055.0920757503,33529.7266014361,37870.7475070969,40944.9124194678,37226.7571935402,36035.6449950691,38649.6394836789,35051.5212697703,35560.0814062288,35565.7213771496,30242.3861352184
GDP per capita (current US$),NY.GDP.PCAP.CD,Jamaica,JAM,3392.12387809462,3437.65551653148,3609.20333117426,3480.5116649541,3733.7986713285,4103.6016371324,4331.29205282124,4623.74789719712,4928.12640901515,4335.17841077413,4704.04775962425,5111.46598710697,5209.85926362567,4989.73408891012,4834.28400949801,4907.927415189
GDP per capita (current US$),NY.GDP.PCAP.CD,Japan,JPN,39169.3595701504,34406.1824638092,32820.7936433254,35387.0374203599,38298.9801712303,37812.8950199948,35991.546002862,35779.0245416427,39876.3039685725,41308.9968370512,44968.1562349739,48760.0789494211,49145.2804308193,40898.6478964744,38475.3952461838,34960.6393843385
GDP per capita (current US$),NY.GDP.PCAP.CD,Jordan,JOR,1651.6217976912,1720.36142731527,1802.05506415969,1876.25933833432,2044.96372271857,2183.39464250953,2513.02873201623,2735.37876694903,3455.76995322946,3559.69210151978,3736.64546207921,3852.89002548782,3910.34689406377,4044.42686891185,4131.44735046027,4164.10876894014
GDP per capita (current US$),NY.GDP.PCAP.CD,Kazakhstan,KAZ,1229.00124667231,1490.92708987166,1658.03078544636,2068.12397936842,2874.28848272999,3771.27895733845,5291.57530451457,6771.41479681885,8458.01715432982,7165.22317483703,9070.48825285747,11634.0012021103,12386.6992652963,13890.6309562926,12807.2606866152,10510.7718884149
GDP per capita (current US$),NY.GDP.PCAP.CD,Kenya,KEN,397.482658777519,395.329471608887,389.542630201236,429.787818950371,451.668766613608,511.616394301253,685.954422921829,825.666554958746,902.06995780481,1035.33878664497,1080.29618449063,1085.48715171437,1271.8153829134,1354.8208334252,1462.22005213295,1464.55400904329
GDP per capita (current US$),NY.GDP.PCAP.CD,Kiribati,KIR,796.803203566513,735.069106401359,826.916865314112,1015.6670058538,1131.15250359655,1214.63560321853,1168.47330173558,1374.39519895558,1428.13497671411,1312.02345524749,1508.78974534279,1724.98025698315,1782.92495092646,1710.59293651984,1625.99130015561,1535.16278257963
"GDP per capita (current US$),NY.GDP.PCAP.CD,""Korea, Dem. People's Rep."",PRK, , , , , , , , , , , , , , , , "
"GDP per capita (current US$),NY.GDP.PCAP.CD,""Korea, Rep."",KOR,12256.9935679503,11561.2483689073,13165.0657360554,14672.8574703505,16496.1200942502,19402.5026259549,21743.4774514254,24086.4104391677,21350.427979823,19143.8516053025,23087.2256438476,25096.2638838239,25466.7605170594,27182.7343101936,29249.5752209742,28732.2310762599"
GDP per capita (current US$),NY.GDP.PCAP.CD,Kosovo,XKX, , , , , , , , ,2965.44991493706,2847.55533886408,3009.55933383867,3540.89178881291,3410.85977956608,3704.78422059665,3902.67601270818,3520.7664492744
GDP per capita (current US$),NY.GDP.PCAP.CD,Kuwait,KWT,18440.3785212446,16587.2486486214,17846.3761640299,22148.378150112,27011.6539985998,35591.0371337921,42781.5647521665,45782.1485715013,55494.9300965412,37561.7259257377,38577.4982788212,48631.7834045849,51979.1206895335,49388.0533799687,44062.3409134598,29869.552753237
GDP per capita (current US$),NY.GDP.PCAP.CD,Kyrgyz Republic,KGZ,279.619569260939,308.409611591149,321.727033227846,380.506432394744,433.234976590867,476.552129968975,543.110702403072,721.768690838857,966.393627185372,871.224389337854,880.037775119109,1123.8831680627,1177.97473487848,1282.43716202467,1279.76978265986,1121.08283510739
GDP per capita (current US$),NY.GDP.PCAP.CD,Lao PDR,LAO,325.186937142965,326.941786715295,320.061459657186,362.821413486106,417.929168487738,475.610796203932,591.000192026606,710.376406739149,900.738763855308,949.178381146866,1141.23570253091,1378.49849195356,1581.62871010675,1831.93691581168,1999.95820314913,2140.04432280044
GDP per capita (current US$),NY.GDP.PCAP.CD,Late-demographic dividend,LTE,1664.13590849375,1707.87662502623,1798.20587169563,2035.25888390838,2430.85553156568,2914.62750399547,3495.36025085882,4376.79395732581,5407.31153948379,5192.37834922376,6208.82226457595,7517.38134629552,7984.73457702361,8544.0761741692,8810.52069614056,8208.05187328733
GDP per capita (current US$),NY.GDP.PCAP.CD,Latin America & Caribbean,LCN,4400.69387272607,4246.13210140375,3761.01846119806,3787.75945285522,4308.29282222744,5144.01696160169,5948.48862191655,6925.64620415483,7957.75674655501,7392.28783271815,9063.94338443542,10202.1857838851,10198.3620274421,10338.4246094191,10431.7126226062,8629.00960471388
GDP per capita (current US$),NY.GDP.PCAP.CD,Latin America & Caribbean (excluding high income),LAC,4199.34193537361,4025.35081246262,3569.39549403904,3602.71177421627,4059.98020883123,4856.04575075804,5599.17124735602,6539.23454845269,7478.33205093682,6863.89042267568,8498.59785421372,9824.18636798395,9667.27149717744,9815.81625259387,9755.44855665976,8203.00386382518
GDP per capita (current US$),NY.GDP.PCAP.CD,Latin America & the Caribbean (IDA & IBRD countries),TLA,4313.35349498815,4138.70330922981,3632.52182620168,3650.74300653787,4171.21731999563,5013.35469087782,5821.94060436732,6810.98987710067,7862.13030912262,7277.90919500531,8988.80763441214,10137.848282808,10124.0375657864,10260.5058156794,10349.1233949743,8480.62583140115
GDP per capita (current US$),NY.GDP.PCAP.CD,Latvia,LVA,3361.64086880275,3578.00190041351,4136.93329688951,5145.19523190241,6378.66652057115,7594.90238431362,9723.44690174779,14113.5291277327,16467.1436879405,12331.9285524089,11420.9940032836,13338.9622350852,13847.3379393194,15007.4918561719,15742.3913381908,13786.4567953114
GDP per capita (current US$),NY.GDP.PCAP.CD,Least developed countries: UN classification,LDC,330.929093386822,315.35468540707,333.604187944507,364.645989702008,411.371103195653,474.668063222599,537.512922018524,630.29539124104,751.266942388591,739.252312807223,820.369058300694,930.230952050488,955.345031911494,1017.03363742845,1067.95198501245,1009.42456360179
GDP per capita (current US$),NY.GDP.PCAP.CD,Lebanon,LBN,4491.64193430433,4422.38929245061,4579.45959271967,4576.38761739193,4630.79058524604,4575.10745896031,4626.85300341662,5207.79272300926,6111.32728102035,7354.95360478492,7761.64148945415,7675.30893971499,7948.68544895115,7928.28957010489,7681.65794445012,7643.00871833192
GDP per capita (current US$),NY.GDP.PCAP.CD,Lesotho,LSO,436.488137266071,405.605712148955,382.189608635899,573.651778082285,753.375904380843,842.812630961302,904.606129755869,846.542320764829,889.134285513762,874.729860474201,1119.84364083093,1287.26953644869,1229.63623247423,1166.9117557183,1194.5756269342,1146.06468787308
GDP per capita (current US$),NY.GDP.PCAP.CD,Liberia,LBR,306.833864207408,306.710251570113,306.473939631577,243.089577534363,286.064725253488,294.893220066163,336.11567425435,396.601761281558,478.399540115575,470.948121388477,513.44556667507,596.89663532503,675.010191838695,747.868660136896,739.91193501652,721.581050523128
GDP per capita (current US$),NY.GDP.PCAP.CD,Libya,LBY,7142.77178555264,6266.4898210897,3703.04295219909,4673.14557574043,5800.58882597707,8163.00937006792,10207.955983076,11387.0861879212,14311.2387285412,9913.65182352969,12162.6687120117,7709.94039668605,14721.8692372542,11921.9082821252,9017.93368003086,7590.44298074577
GDP per capita (current US$),NY.GDP.PCAP.CD,Liechtenstein,LIE,74853.938729354,74287.4133739546,79345.7524725702,89859.8653728723,100289.243002178,105399.260494824,114374.246536419,130655.636959737,143264.059432586,126096.610425402,141192.534673018,158130.45751887,149010.224898665,173030.208279363,178864.851913785,167313.266280449
GDP per capita (current US$),NY.GDP.PCAP.CD,Lithuania,LTU,3293.22997867086,3525.79363185461,4141.59270180102,5499.42898911387,6700.32719189382,7854.76527867855,9230.70798102521,12285.4470537014,14944.996652175,11820.7761591359,11987.508411647,14376.9478643932,14367.709424872,15729.6524666512,16551.018202078,14263.9645773495
GDP per capita (current US$),NY.GDP.PCAP.CD,Low & middle income,LMY,1193.11207823719,1186.90694601289,1199.69554248195,1332.78936552487,1560.39578017615,1832.5293478577,2145.01566518131,2613.85831416227,3086.45535576938,2979.63774963515,3578.02212679251,4167.51027632496,4375.13354981074,4570.56379076939,4661.974204027,4366.05109904441
GDP per capita (current US$),NY.GDP.PCAP.CD,Low income,LIC,481.416101918661,468.86579269388,487.983221403507,518.951958982293,592.66755024631,688.859812508195,783.266005610004,914.060406887269,1066.75078313999,1057.70992162035,1162.62290367879,852.049894522852,788.195782278989,789.200761994007,821.336181323024,791.710026392794
GDP per capita (current US$),NY.GDP.PCAP.CD,Lower middle income,LMC,623.533387899007,626.303880198564,658.424131339019,743.200999884499,846.994794198556,966.93139656353,1126.10736819189,1360.7425786098,1516.92104177606,1520.38739661463,1828.25209206876,2069.30548053248,2138.96515283971,2141.51831890159,2191.98587225912,2109.33450010224
GDP per capita (current US$),NY.GDP.PCAP.CD,Luxembourg,LUX,48659.5988753233,48440.1420151355,53005.7339209179,65689.3214536911,76544.9170868473,80988.1376230858,90788.8004876145,107475.320297978,120422.137934157,109419.746953106,110885.991378721,119025.057203467,112584.676270958,120000.140729859,123678.702143275,105462.012584423
"GDP per capita (current US$),NY.GDP.PCAP.CD,""Macao SAR, China"",MAC,15835.9910148095,15665.2979678214,16424.9321125729,17921.1045739797,22568.3101742114,25183.132681202,30121.5604253322,36550.5051618973,40810.8280358493,41010.0682589849,52473.1909904323,66891.2819664822,76572.1517871286,89260.7571041005,93022.8751422537,74818.948126372"
GDP per capita (current US$),NY.GDP.PCAP.CD,Madagascar,MDG,293.607157402594,334.441617716753,319.216378750957,368.797236936755,284.48772631736,319.537475081164,338.751198261085,438.65551579131,536.351401658402,467.539783382237,471.959211584451,531.265432100354,518.152812673554,541.065943700616,530.861038866614,467.235431614314
GDP per capita (current US$),NY.GDP.PCAP.CD,Malawi,MWI,156.385816790286,150.148942630026,298.433410422534,267.399011935959,282.567107568989,289.555214787188,308.163618229107,332.259094554424,387.60572119129,438.211856815356,478.668688469613,534.951050199388,391.561705197224,348.429873679261,371.269521706741,380.596987683774
GDP per capita (current US$),NY.GDP.PCAP.CD,Malaysia,MYS,4043.66292312877,3913.42938647946,4165.72610363859,4461.84732546759,4952.21395799046,5587.02477972975,6209.12616705899,7243.45680069813,8474.58776222379,7292.4949731478,9040.56849464524,10399.3702125714,10817.4317100783,10970.1042996033,11319.0619448482,9955.24272167626
GDP per capita (current US$),NY.GDP.PCAP.CD,Maldives,MDV,2234.59586137462,3038.7814166818,3049.20798137227,3476.00627289952,3941.43113584887,3640.0121322011,4809.93374014089,5574.40198148264,6614.23617985838,6636.54387067016,7076.73982087196,7291.46596660877,7265.72339947372,7928.47644265061,8499.30714783649,9033.41027034576
GDP per capita (current US$),NY.GDP.PCAP.CD,Mali,MLI,270.54300662038,307.705828628661,336.417174463803,393.406755200447,440.958422504401,489.022855550956,523.042983340678,597.479815741888,697.0878037418,701.712005469988,710.274303600905,837.605775285898,778.625210866217,805.033940730156,848.278991630744,751.472889186889
GDP per capita (current US$),NY.GDP.PCAP.CD,Malta,MLT,10432.3281192942,10402.233373566,11289.889843514,13669.497117709,15197.056707914,15888.1723209834,16723.8841811168,19485.8711939782,22205.3568142179,21083.2771462998,21799.1742559798,23155.5547893882,22527.6367563271,24771.0765781929,26754.2684451944,24921.6036820869
GDP per capita (current US$),NY.GDP.PCAP.CD,Marshall Islands,MHL,2272.67801552587,2389.06070685262,2515.62404521845,2457.6545403535,2431.166018063,2471.35204589464,2537.71720613288,2646.87399636013,2704.46355446355,2662.33401475424,2846.06554177534,3046.29007147406,3181.62470023981,3246.63024959163,3185.26135389889,3199.88684631989
GDP per capita (current US$),NY.GDP.PCAP.CD,Mauritania,MRT,676.569022381448,646.1151155329,639.667582877101,717.899867608237,803.777915575114,970.842360719242,1259.54150505961,1357.12428510502,1579.51154806573,1389.33853309998,1610.92063018438,1879.77024294482,1815.21893947923,1892.09609782498,1677.10901942794,1524.07331727933
GDP per capita (current US$),NY.GDP.PCAP.CD,Mauritius,MUS,3929.07549503364,3856.62522686864,4018.94889731864,4793.71817900161,5388.06578367365,5282.90602155635,5695.96932704928,6574.65433811493,8030.06300537304,7318.12640972422,8000.37643182154,9197.02697152061,9291.22761861899,9637.00265000958,10153.9382184867,9260.44730250635
GDP per capita (current US$),NY.GDP.PCAP.CD,Mexico,MEX,7157.81449985734,7544.56872335784,7593.1373448964,7075.36964299974,7484.486398707,8277.67156384567,9068.29421839425,9642.68051672231,10016.5712139986,8002.97217765844,9271.39839576997,10203.4212952716,10241.727828043,10725.1835873796,10928.9160089988,9616.64555810607
"GDP per capita (current US$),NY.GDP.PCAP.CD,""Micronesia, Fed. Sts."",FSM,2171.88957683534,2248.49211533078,2265.94410756164,2295.86817833156,2253.1137454982,2358.1466999576,2406.11441152466,2458.65839413263,2541.26162493119,2721.97609035554,2885.30549185744,3009.25682468487,3131.38671463839,2994.79239440343,2971.51260191356,2906.61701228808"
GDP per capita (current US$),NY.GDP.PCAP.CD,Middle East & North Africa,MEA,3318.57082000142,3240.49703526865,3163.88318728096,3442.68366610441,3988.3681120443,4704.36998956958,5399.77714952437,6243.04902102041,7617.93015762614,6734.13742967029,7703.87857342761,8518.29770553505,8992.17169440284,8666.91024022152,8540.73720649928,7375.4647556023
GDP per capita (current US$),NY.GDP.PCAP.CD,Middle East & North Africa (excluding high income),MNA,1904.94997652209,1892.54713316382,1809.61601899548,1942.42914322106,2268.07367647223,2631.70499088203,3015.26541640262,3613.76048404062,4380.66505442723,4191.90976870561,4748.30615102873,4822.02701779767,5092.95554413995,4601.10314035132,4452.59396420929,3931.55627842464
GDP per capita (current US$),NY.GDP.PCAP.CD,Middle East & North Africa (IDA & IBRD countries),TMN,1909.48379762542,1898.48398744344,1816.63740835585,1949.84805681814,2277.31471365591,2643.68966854293,3031.31579592297,3635.59013121259,4407.19359474437,4214.73897421811,4773.52366272953,4844.53250173857,5116.59518402617,4616.20005048588,4465.58777681331,3939.38409115992
GDP per capita (current US$),NY.GDP.PCAP.CD,Middle income,MIC,1255.77433068183,1251.03026886835,1264.44667933356,1407.87505481814,1651.07168545744,1941.45714746174,2276.73725468587,2780.75144799455,3288.00379041815,3174.71771665529,3826.33532930538,4510.25094099958,4750.53774365643,4971.54430517873,5074.93248366245,4755.93561006956
GDP per capita (current US$),NY.GDP.PCAP.CD,Moldova,MDA,440.672030653269,507.557658390849,570.972645432751,682.525508823377,897.449958810326,1034.70705816743,1183.37921117185,1531.68547618214,2111.20149504197,1899.01011658378,2437.53768326452,2942.25280705506,3045.73061215068,3322.04998035759,3328.79433016779,2732.46072997894
GDP per capita (current US$),NY.GDP.PCAP.CD,Monaco,MCO,82365.492364536,83724.465911527,90506.8595058764,108656.802575207,123523.493238604,124197.275382905,134048.621858085,169966.306938019,185785.725924897,154775.380774218,150737.892475253,169016.196065279,157520.219426533,177673.74536842,189432.370013147,165989.505113832
GDP per capita (current US$),NY.GDP.PCAP.CD,Mongolia,MNG,474.217094319837,524.054008363595,571.594978994912,646.192471046652,797.977726310822,998.829388045669,1334.21272417801,1632.72758172733,2136.56240185072,1714.3618273845,2643.28708316435,3757.56541460408,4351.88846071215,4366.08953699572,4158.52147149753,3875.32167504717
GDP per capita (current US$),NY.GDP.PCAP.CD,Montenegro,MNE,1627.07263304394,1909.59870186179,2106.6350684523,2789.15906483509,3380.16512135859,3674.6179242797,4425.67887307803,5976.39414454596,7367.75190910882,6727.10776676969,6688.48239970574,7328.93225247529,6586.7212793222,7188.86244459584,7387.87103632234,6517.18961381857
GDP per capita (current US$),NY.GDP.PCAP.CD,Morocco,MAR,1334.94348144531,1339.29406738281,1416.48840332031,1725.45751953125,1952.90258789063,2018.02551269531,2196.01123046875,2499.26000976563,2890.36059570313,2866.92407226563,2839.92602539063,3046.94775390625,2912.658203125,3121.68017578125,3171.69921875,2875.25805664063
GDP per capita (current US$),NY.GDP.PCAP.CD,Mozambique,MOZ,319.359620843667,296.268406913079,302.545233699878,326.075190861329,383.270221899038,416.809824183966,435.334063299058,482.198563648376,563.649634288657,520.402631609141,471.904360009894,594.586148490103,657.645036275496,664.077265653931,673.969476342085,589.85943137707
GDP per capita (current US$),NY.GDP.PCAP.CD,Myanmar,MMR,146.604578778661,131.715298215255,128.099701845089,161.055523608734,193.368765760833,216.311501416722,240.624014213031,314.202294226442,460.908889194564,586.168180241432,746.945359978558,1061.34442894693,1134.30222376609,1168.16545347384,1210.09765357091,1196.74333308526
GDP per capita (current US$),NY.GDP.PCAP.CD,Namibia,NAM,2185.60411519312,1950.64853633254,1808.88489938555,2621.7003949742,3464.41822576337,3739.53171740574,4059.10134796275,4405.41039870917,4212.36719718502,4295.38714334121,5394.99671166874,5806.74824605351,5942.29273974027,5392.09493825634,5469.90140003637,4896.61526001377
GDP per capita (current US$),NY.GDP.PCAP.CD,Nauru,NRU, , , , , , , , , , ,4752.17508153522,6560.27487042551,9562.66786551324,9648.49565479998,10171.4807258872,8341.01227776155
GDP per capita (current US$),NY.GDP.PCAP.CD,Nepal,NPL,229.490392563225,246.725558064189,244.72084352424,252.402351773172,286.157672590748,315.805629997361,346.945331253185,391.380057185409,470.455459040508,478.173252764915,592.401207101201,797.813947256329,804.141607295945,823.359874611415,844.853124854118,901.74960773293
GDP per capita (current US$),NY.GDP.PCAP.CD,Netherlands,NLD,26214.498549887,26896.5481111196,29343.2449960602,35750.9746630269,40436.6182310407,41994.7135305232,44900.9381441374,51799.2085521047,57879.9437553916,52722.2130568997,50999.7451168879,54230.3129029852,50070.1416045904,52198.8975607454,52900.537415323,45193.4032187971
GDP per capita (current US$),NY.GDP.PCAP.CD,New Caledonia,NCL,16039.1738824642,15174.2774308861,16885.8961261737,21817.3238052326,25770.540990459,26861.710586717,29604.0438248694,36864.8779202682,37353.7507767203,35391.0801754154,37494.8843725576,40697.6300727029,37294.027263924,38503.2630599829,39675.5819387796,32520.3045654611
GDP per capita (current US$),NY.GDP.PCAP.CD,New Zealand,NZL,13641.1027183822,13882.8568268586,16874.1874918196,21913.7081719961,25420.234882944,27751.0654708859,26654.5932018985,32479.9817381467,31252.9625640673,28209.3623271229,33676.7741239925,38387.6270784076,39973.3807587223,42976.6495882584,44572.8987536626,38630.7265886928
GDP per capita (current US$),NY.GDP.PCAP.CD,Nicaragua,NIC,1007.499838655,1034.55138685018,1000.93671470556,1005.73304356528,1080.26911900907,1162.28968513428,1226.63398711348,1327.94738890864,1499.2576198887,1444.36951048837,1503.87223074992,1655.81050023216,1760.46030828841,1811.63680270363,1934.06292227225,2049.8516660809
GDP per capita (current US$),NY.GDP.PCAP.CD,Niger,NER,197.832683441643,208.37705993638,228.235908596278,268.349892996455,286.490065814065,321.723661184348,336.281950277799,390.284480245482,478.502558952437,464.057998970917,476.869532167304,512.595335012861,529.744458141694,552.569138963417,564.596748802018,484.153137350801
GDP per capita (current US$),NY.GDP.PCAP.CD,Nigeria,NGA,567.930722076473,590.381815034907,741.747493876339,795.386228652408,1007.87434241216,1268.38346158479,1656.42479354329,1883.46138847202,2259.11405888538,1911.60786588769,2280.43733738126,2487.59801680379,2723.82219093859,2961.54942175947,3098.98579063938,2687.48005643212
GDP per capita (current US$),NY.GDP.PCAP.CD,North America,NAC,35151.3296023334,35831.3793749997,36651.829107725,38395.2215763759,40788.0935353683,43368.2524264329,45741.0325855388,47727.4820398445,48398.1029489662,46581.2835386802,48552.9424055168,50289.0244037158,51881.1708863839,53234.150098465,54714.4709286191,55452.4213839576
GDP per capita (current US$),NY.GDP.PCAP.CD,North Macedonia,MKD,1861.89806549945,1823.02356104612,1989.13512536126,2440.47694280043,2795.89926079271,3072.67857251806,3362.96841919784,4079.3919539826,4841.25169443101,4584.7098319119,4577.68875507362,5098.09758250193,4728.30814189843,5241.05834548355,5495.73504918897,4861.55397141497
GDP per capita (current US$),NY.GDP.PCAP.CD,Northern Mariana Islands,MNP, , ,21981.7845648154,21379.0247437623,21139.0635918938,18763.1527755672,17714.6333607701,16988.1372815358,17191.1902015708,14669.5206111378,14804.2467250931,13496.7507822191,13736.9719736309,14091.1911802285,15044.9358962767,16314.3835493645
GDP per capita (current US$),NY.GDP.PCAP.CD,Norway,NOR,38131.4606116242,38542.715099709,43084.4724650717,50134.8907734947,57603.836021826,66810.478520868,74148.3200757187,85139.9604469545,96944.0956064873,79977.6970817492,87693.7900658099,100600.562407589,101524.141851985,102913.450843674,97019.1827527462,74355.5158575643
GDP per capita (current US$),NY.GDP.PCAP.CD,Not classified,INX, , , , , , , , , , , , , , , , 
GDP per capita (current US$),NY.GDP.PCAP.CD,OECD members,OED,23007.481072709,22620.530022448,23429.8991001749,26019.1230894155,28756.3310332113,30185.6236353593,31612.0138773456,34354.356617669,36190.5204734384,33615.977979996,35025.509213287,37486.5517522438,37217.7086586364,37477.6790244262,37993.0536793504,35590.7317238657
GDP per capita (current US$),NY.GDP.PCAP.CD,Oman,OMN,8601.27194448996,8475.96864264505,8626.96523423847,9066.31237100959,10126.1377413847,12377.0800076389,14420.5120419948,15838.4695603189,22139.74070678,16823.794980254,21369.352969705,23837.3109360388,24988.0125855934,23888.6265839112,23017.9339840457,18444.9270020773
GDP per capita (current US$),NY.GDP.PCAP.CD,Other small states,OSS,4370.08817969127,4274.29253429542,4534.11242357835,5547.41553849732,6753.97210450348,8008.48030270012,9187.77736899771,10954.5382376974,13045.0517185257,10905.7046987592,12378.4861542806,14896.6586067675,15212.7384826814,15553.0027386444,15733.9480881852,12780.7263866463
GDP per capita (current US$),NY.GDP.PCAP.CD,Pacific island small states,PSS,1750.84080061428,1708.0830887683,1774.14665237044,2058.25444470774,2344.15645320522,2574.69577532089,2669.74862557357,2911.25016100689,3074.5528869205,2726.45236363843,2965.1059764304,3440.44474832921,3609.41412396295,3702.43142627227,3970.59544311098,3832.55118119596
GDP per capita (current US$),NY.GDP.PCAP.CD,Pakistan,PAK,576.195580353518,544.494251402474,534.303900685757,599.376330540607,687.836412662176,748.922589270883,836.860526218154,908.095085179713,990.846611164939,957.995675292236,987.409712037523,1164.97882332035,1198.11763704007,1208.91771020458,1251.17571867949,1356.66783065763
GDP per capita (current US$),NY.GDP.PCAP.CD,Palau,PLW,7657.95121440536,8092.20732336256,8307.95743814276,7771.20936805976,8317.11394189618,9626.61241407198,9843.04937324124,10381.4238738974,10598.8828308745,10252.7501366867,10356.6336192492,11094.8332206446,12044.1054720726,12561.3361358859,13711.7617021277,15876.4619303708
GDP per capita (current US$),NY.GDP.PCAP.CD,Panama,PAN,4060.31779345702,4046.42914824085,4126.23238637176,4267.29268669665,4592.15261354224,4916.90761156463,5348.88425269771,6166.18786213279,7154.274496019,7576.14046655482,8082.01617979675,9358.26812994219,10722.2614758522,11889.0950650602,12796.0740376761,13630.3011472878
GDP per capita (current US$),NY.GDP.PCAP.CD,Papua New Guinea,PNG,602.186490344582,515.684780393696,491.834308148948,568.246348574007,618.036703163199,749.186511555671,1256.9796475644,1401.94944676239,1672.95102374034,1626.31285454109,1949.35118513254,2406.91096725754,2790.67630344488,2729.8887512111,2920.78298571159,2679.34657921324
GDP per capita (current US$),NY.GDP.PCAP.CD,Peru,PER,1955.58800627896,1941.47534195424,2021.24003836472,2145.64388854096,2417.03436315532,2729.49917213529,3154.3313491397,3606.07068932344,4220.61637832028,4196.31162707942,5082.35370614454,5869.32388186462,6528.9717753128,6756.75299620034,6672.8773725884,6229.10067398112
GDP per capita (current US$),NY.GDP.PCAP.CD,Philippines,PHL,1072.80175248718,990.565991260447,1036.15833064155,1048.00820456496,1121.49000606926,1244.34874065936,1452.43808944715,1744.63997916407,1998.02692008501,1904.19638817199,2217.47215336652,2450.73569408545,2694.30510934442,2871.42970135775,2959.64543521349,3001.04318170863
GDP per capita (current US$),NY.GDP.PCAP.CD,Poland,POL,4501.45406742273,4991.24435799511,5207.17142069402,5701.6022116161,6681.38647195042,8021.50574346795,9035.41046744936,11254.5173881254,13996.0251506835,11526.0558884824,12613.0109954681,13879.5609852546,13097.2708482174,13696.4663046143,14271.3058536202,12578.4954734362
GDP per capita (current US$),NY.GDP.PCAP.CD,Portugal,PRT,11526.3720667968,11734.7649743954,12936.6928204482,15797.7821340276,18064.1580932987,18780.12751241,19839.4540499032,22811.0564844365,24949.0413566739,23151.2154130712,22520.6423124045,23217.2954965207,20563.7136012629,21653.1959752225,22103.7009703321,19250.1065376852
GDP per capita (current US$),NY.GDP.PCAP.CD,Post-demographic dividend,PST,25864.5189857715,25490.2887382637,26458.4957497277,29518.7946978341,32630.8829597586,34160.5322582251,35752.7854566381,38809.0409805384,40855.4125249717,38266.8957637125,39720.3812844014,42549.5614758223,42308.7032896047,42546.6783155699,43196.8533125083,40669.0420759149
GDP per capita (current US$),NY.GDP.PCAP.CD,Pre-demographic dividend,PRE,504.015670409375,468.299769631941,521.691082344751,550.703109906117,667.980052743397,810.290302625767,990.840869907058,1166.5832294914,1420.70622569533,1263.18246734964,1435.87703644408,1620.42441328812,1713.457216015,1822.84052050086,1861.650950308,1563.73118435679
GDP per capita (current US$),NY.GDP.PCAP.CD,Puerto Rico,PRI,16192.1269719638,18123.1987019918,18731.4593897378,19557.1202492358,20988.9923326534,21959.322696986,22935.9411586313,23664.8823485096,24898.3345857045,25768.7258883384,26435.74878578,27278.8830499205,27944.7338937424,28513.1657351067,28981.4573305866,29763.4883013861
GDP per capita (current US$),NY.GDP.PCAP.CD,Qatar,QAT,29976.1676344676,28517.2208367328,30214.6704236357,34517.6032080083,42124.9408415757,51455.9509428993,59530.5610001944,65421.3769169684,80234.1908337022,59094.6591838465,67403.0876779676,82409.9416434106,85075.9865369665,85050.6843463442,83858.3404554095,63039.1126261242
GDP per capita (current US$),NY.GDP.PCAP.CD,Romania,ROU,1659.90763954548,1825.17980455979,2119.88267323918,2679.41190951209,3494.94451718304,4617.92901643258,5757.4964285719,8360.16632132485,10435.0439841037,8548.11867218639,8214.07689289811,9099.2175388969,8507.10477456436,9547.85215096612,10043.6774497614,8969.14892146193
GDP per capita (current US$),NY.GDP.PCAP.CD,Russian Federation,RUS,1771.59411621094,2100.3525390625,2377.52954101563,2975.12524414063,4102.36474609375,5323.462890625,6920.18896484375,9101.2548828125,11635.2724609375,8562.8134765625,10674.99609375,14311.083984375,15420.875,15974.64453125,14095.6484375,9313.013671875
GDP per capita (current US$),NY.GDP.PCAP.CD,Rwanda,RWA,260.607654653932,238.788134020174,233.157504369528,249.750703141855,273.644662726172,331.704511349098,366.911629271557,438.681336347755,543.568011875889,579.7532367826,609.754297393961,668.527848252682,725.20495213212,722.929086839793,742.966243370171,751.110505478611
GDP per capita (current US$),NY.GDP.PCAP.CD,Samoa,WSM,1483.80741460389,1518.29369033585,1597.37891794018,1878.67272763586,2283.07069475222,2652.99624503062,2763.93368516067,3150.58617609901,3499.46076769741,3402.84971400571,3566.45833371884,3933.45931369924,4022.17779827995,4037.81390248134,3937.18629813855,4073.72908299755
GDP per capita (current US$),NY.GDP.PCAP.CD,San Marino,SMR,36604.4933810621,38730.8030430952,41464.7464336905,51270.1292257065,59558.7727178495,60900.5432888271,64261.0327257484,72697.7059863324,78643.5506479242,66703.2182274656,60254.7763024869,57297.5133143063,49988.4636311454,51570.9839547083,50817.3308247802,42662.9024081737
GDP per capita (current US$),NY.GDP.PCAP.CD,Sao Tome and Principe,STP, ,524.669872100335,577.628403970454,678.737963932546,745.320299910865,866.504995638803,883.097041341426,896.867791263475,1098.75521904166,1067.90805262233,1090.26076257543,1254.54159767468,1330.62011395181,1564.768547927,1770.46768807179,1584.77565743788
GDP per capita (current US$),NY.GDP.PCAP.CD,Saudi Arabia,SAU,9171.33147630515,8684.64576229464,8695.39648348233,9609.96868647714,11185.1370411547,13791.454761932,15384.7383584183,16516.6317804658,20078.2600730401,16113.1437100059,19262.5476013733,23745.8805778048,25243.6019978478,24845.124663596,24464.2125566118,20627.9217793895
GDP per capita (current US$),NY.GDP.PCAP.CD,Senegal,SEN,613.732384491775,648.441473299398,681.311850824678,831.831040294406,932.168095434437,992.688058138543,1027.73144085752,1197.40956116175,1403.94938456653,1308.93780804914,1271.58328084525,1366.77450070807,1317.77980180538,1372.66577931902,1396.65733855586,1219.24941513302
GDP per capita (current US$),NY.GDP.PCAP.CD,Serbia,SRB,914.785719885861,1727.28119565526,2283.84668494941,3005.42635224484,3502.80292389567,3720.47915467431,4382.61727851692,5848.47640545105,7101.04014116862,6169.11419477823,5735.42285659849,6809.15980400146,6015.94522756969,6755.07367461629,6600.05680854589,5588.98072768556
GDP per capita (current US$),NY.GDP.PCAP.CD,Seychelles,SYC,7578.85105298845,7663.13708026446,8331.2619970042,8524.96123557779,10176.6587120064,11092.5107357824,12014.3998729502,12154.8299372808,11122.8620677142,9706.95605963959,10804.7232956282,12189.063747395,11998.4198749712,14764.9188581459,15188.1890475154,15157.5018256876
GDP per capita (current US$),NY.GDP.PCAP.CD,Sierra Leone,SLE,138.698722497148,229.37565952613,252.396006970341,266.446905426105,266.569371315474,292.349066330563,323.389018440273,360.371660481482,408.481008463935,391.200942951228,401.834876099443,448.337662148696,566.378235059355,716.835826906915,714.699795733977,588.228862794816
GDP per capita (current US$),NY.GDP.PCAP.CD,Singapore,SGP,23852.3270285975,21700.0200458315,22159.6888632741,23730.1524496489,27608.5373712744,29961.2632774569,33769.1541633501,39432.9383493761,40007.469261214,38927.2068817715,47236.9602345421,53890.4287270504,55546.4885386921,56967.4257940383,57562.5307937678,55646.6187469505
GDP per capita (current US$),NY.GDP.PCAP.CD,Sint Maarten (Dutch part),SXM, , , , , , , , , , , ,27997.2898302635,28460.3326151186,27942.8805401415,33043.6883812669,32274.8905524359
GDP per capita (current US$),NY.GDP.PCAP.CD,Slovak Republic,SVK,5426.62428119306,5722.1681828083,6564.69631373665,8731.93736824381,10691.4465495259,11690.1134689407,13170.7849804675,16106.0604446695,18753.5849413816,16597.2084581361,16841.7677398734,18430.1298033985,17429.829750132,18208.4175936578,18655.7901089421,16342.2162621093
GDP per capita (current US$),NY.GDP.PCAP.CD,Slovenia,SVN,10201.3035366727,10479.7596309273,11777.1556578814,14849.0372415032,17233.1385611279,18098.9085440003,19672.9655554146,23817.8867320201,27595.5999653992,24792.1279805504,23532.4808545468,25128.0150431304,22641.805122503,23503.2824850255,24247.1733184083,20890.1664304173
GDP per capita (current US$),NY.GDP.PCAP.CD,Small states,SST,4391.70095550493,4346.30522733967,4584.6999402588,5404.04414346614,6401.58515401415,7494.24373643835,8558.77305042892,10045.2645212626,11836.661487596,9923.05774233329,11170.4172306624,13210.2667495786,13523.4185104634,13820.5634385582,14001.869338776,11746.8396782772
GDP per capita (current US$),NY.GDP.PCAP.CD,Solomon Islands,SLB,1017.39966262942,965.935499700581,795.540315371014,788.633356241565,866.990275882531,1014.72318799943,1119.5808629219,1260.251271286,1389.05610721387,1428.61620879554,1604.14888755803,1938.77569432938,2141.91404113885,2248.72759351184,2274.96625122036,2167.15539406206
GDP per capita (current US$),NY.GDP.PCAP.CD,Somalia,SOM, , , , , , , , , , , , , ,350.168161787649,374.114780718262,386.437816984867
GDP per capita (current US$),NY.GDP.PCAP.CD,South Africa,ZAF,3374.71842279184,2971.81976918833,2797.08729059913,4217.11478019175,5409.1334888271,6033.10149088554,6266.53398662041,6780.88455469658,6350.65270995806,6532.73696795513,8148.9612020223,8810.93065093576,8222.19727925886,7467.07918510394,6988.80873854682,6259.83968110571
GDP per capita (current US$),NY.GDP.PCAP.CD,South Asia,SAS,453.237604097344,455.858018925268,469.712186027703,538.711135990329,613.94779740106,691.692617164966,774.863798619305,959.305126399097,959.461249363055,1041.98021072851,1257.49950821449,1368.91630437811,1366.05942528235,1383.31690853857,1496.01499570479,1543.04813072167
GDP per capita (current US$),NY.GDP.PCAP.CD,South Asia (IDA & IBRD),TSA,453.237604097344,455.858018925268,469.712186027703,538.711135990329,613.94779740106,691.692617164966,774.863798619305,959.305126399097,959.461249363055,1041.98021072851,1257.49950821449,1368.91630437811,1366.05942528235,1383.31690853857,1496.01499570479,1543.04813072167
GDP per capita (current US$),NY.GDP.PCAP.CD,South Sudan,SSD, , , , , , , , ,1669.49375170405,1337.88223052413,1535.70689187913,1516.40437759013,1179.73971108066,1779.47036531513,1322.82036383331,1119.65143716565
GDP per capita (current US$),NY.GDP.PCAP.CD,Spain,ESP,14749.6874248766,15369.0011599444,17106.686576658,21510.8362454011,24907.0008505856,26429.1509449319,28389.0785799873,32591.3503065871,35510.7222312701,32169.5028548583,30532.4805081656,31677.9003083652,28322.8092495057,29067.809460022,29500.7894328615,25742.3688346767
GDP per capita (current US$),NY.GDP.PCAP.CD,Sri Lanka,LKA,869.696285031043,832.80357234611,867.491486787101,982.195696950166,1065.78443680197,1248.69818517034,1435.81681297616,1630.38890604323,2037.32210302668,2090.4018261396,2799.64873802555,3200.86113238282,3350.52187589289,3610.28936304898,3819.25352972265,3843.78067184442
GDP per capita (current US$),NY.GDP.PCAP.CD,St. Kitts and Nevis,KNA,9565.94990912411,10283.032801538,10650.8451485558,10270.6041633668,10942.7282343544,11679.4097093764,13614.4933728015,14429.5502351983,16142.0427027551,15931.8733124367,15888.6395117649,16910.5701105822,16564.0550435964,17393.4272652879,18789.6345021562,18717.4287599059
GDP per capita (current US$),NY.GDP.PCAP.CD,St. Lucia,LCA,5950.04748459261,5642.7489037614,5646.45653483236,6150.92136926062,6591.64550130494,6949.20417333029,7669.21346965851,7969.79799345527,8456.69463217739,8137.75099080198,8540.07097992462,8983.74373302309,9086.38795485966,9378.98504684792,9843.30853424047,10093.6180163617
GDP per capita (current US$),NY.GDP.PCAP.CD,St. Martin (French part),MAF, , , , , , , , , , , ,20717.093213165, , ,21459.319127858, 
GDP per capita (current US$),NY.GDP.PCAP.CD,St. Vincent and the Grenadines,VCT,3970.29362248818,4282.69040253454,4512.36272662558,4699.79227740892,5067.27027366224,5339.3935508934,5925.31589571019,6575.95803522109,6758.82384406161,6595.99645203534,6654.79290746741,6590.00478882813,6732.44432252303,7040.62861533216,7081.06547783663,7207.1707591228
GDP per capita (current US$),NY.GDP.PCAP.CD,Sub-Saharan Africa,SSF,635.894299954986,594.434444321552,629.455425620411,772.769761067037,935.764934770637,1082.21416238718,1242.00009288337,1400.86266899238,1548.95537067417,1449.79195741041,1670.55403153336,1830.88264526029,1852.84089188473,1913.7372257658,1928.53420210314,1692.67429410075
GDP per capita (current US$),NY.GDP.PCAP.CD,Sub-Saharan Africa (excluding high income),SSA,635.041268624447,593.587328337264,628.52817097875,771.872371855746,934.727384944081,1081.11554215438,1240.82572535565,1399.71748166849,1547.94355305383,1448.93963735682,1669.61066543265,1829.86873435934,1851.8651283776,1912.51133731048,1927.28388723456,1691.41056609812
GDP per capita (current US$),NY.GDP.PCAP.CD,Sub-Saharan Africa (IDA & IBRD countries),TSS,635.894299954986,594.434444321552,629.455425620411,772.769761067037,935.764934770636,1082.21416238718,1242.00009288337,1400.86266899238,1548.95537067417,1449.79195741041,1670.55403153336,1830.88264526029,1852.84089188473,1913.7372257658,1928.53420210314,1692.67429410075
GDP per capita (current US$),NY.GDP.PCAP.CD,Sudan,SDN,366.172729492188,456.624237060547,512.441284179688,586.753234863281,711.921997070313,914.16650390625,1143.93225097656,1461.31591796875,1551.08581542969,1358.52722167969,1683.2119140625,1947.18420410156,1746.03198242188,1781.01025390625,2022.72424316406,2184.54223632813
GDP per capita (current US$),NY.GDP.PCAP.CD,Suriname,SUR,2012.28165067815,1750.57673687227,2267.75398376931,2611.37749349033,3006.18323287406,3590.64818332412,5197.74790651499,5744.75972670722,6831.98362206284,7408.36078641818,8255.87487222955,8263.20380320348,9200.97478600343,9402.1644191114,9471.92200052426,9168.23715664009
GDP per capita (current US$),NY.GDP.PCAP.CD,Sweden,SWE,29624.9126748618,27247.857734793,29899.1952495081,37321.7979047059,42821.6731423358,43437.0631164776,46593.6021646111,53700.0053363063,56152.552340314,46946.9602719954,52869.0442891587,60755.7595508465,58037.8213192173,61126.9431963979,60020.3604576572,51545.4836095322
GDP per capita (current US$),NY.GDP.PCAP.CD,Switzerland,CHE,38952.0342005572,39727.8466713883,42578.7631355696,49470.3971259674,54878.4710009787,56546.7856553987,59300.6172165015,65359.5192218269,74572.232372807,72083.167695454,77117.126014204,91254.0347609687,86547.6708907265,88109.4867524037,89684.7075795936,84776.1421659748
GDP per capita (current US$),NY.GDP.PCAP.CD,Syrian Arab Republic,SYR,4910.77774789534,5175.2619444591,5300.58281183443,5494.83965360699,6330.74018259423,7309.10787613772,8069.56487932034,9056.63466160915,10554.0837798677,10589.5990535421,11820.6077761445,3491.95257624536,2158.52535064018,1151.90159664863,1179.85829624169,979.144438708991
GDP per capita (current US$),NY.GDP.PCAP.CD,Tajikistan,TJK,138.429146735759,171.048064575398,190.002677638953,237.757335195414,311.627231254541,340.583183232527,408.838413523407,526.643288270494,715.8657062687,676.12351106337,749.552412285997,847.382432066315,969.296103880894,1048.22560182624,1104.17235837941,978.404981180605
GDP per capita (current US$),NY.GDP.PCAP.CD,Tanzania,TZA,410.952362060547,406.538757324219,411.972320556641,431.279724121094,459.259307861328,492.63134765625,485.497436523438,552.839477539063,687.390441894531,695.216857910156,743.403686523438,781.433898925781,867.857482910156,970.399597167969,1030.07763671875,947.933349609375
GDP per capita (current US$),NY.GDP.PCAP.CD,Thailand,THA,2007.7352707452,1893.26423865967,2096.18780236208,2359.11683054367,2660.12683458135,2894.06265596401,3369.54319807344,3973.01717157725,4379.65878719505,4213.00665375142,5076.33987220163,5492.12149993341,5860.58147053475,6168.26135569944,5951.88348654008,5840.05306687798
GDP per capita (current US$),NY.GDP.PCAP.CD,Timor-Leste,TLS,415.085948577851,529.778165896224,508.84058614998,517.826968356368,453.513312734273,464.545938721574,446.466529652108,523.73763493981,614.435754973338,676.619075367267,806.41434929681,936.448595612108,1024.1725080803,1210.03565458064,1232.45033563734,1332.79185551378
GDP per capita (current US$),NY.GDP.PCAP.CD,Togo,TGO,302.958591951416,292.823103529291,328.398107277437,396.920579751545,413.329866159356,406.562366042383,408.057117336142,449.738250451153,546.35037020228,540.608712584616,534.04478262418,587.097492827983,571.806723944167,621.398853574683,640.934219628827,570.909967175308
GDP per capita (current US$),NY.GDP.PCAP.CD,Tonga,TON,2091.11300904714,1839.08686653094,1845.66912653498,2030.7754685692,2301.65411507959,2594.41873934395,2873.0766372279,2910.14512180299,3331.54655465772,3006.60634375505,3527.95234170016,4002.81377065344,4581.78324469272,4428.14652130855,4354.24436028041,4336.23960272654
GDP per capita (current US$),NY.GDP.PCAP.CD,Trinidad and Tobago,TTO,6435.13421201268,6939.82847117988,7053.08737085832,8807.86606828197,10293.8692465675,12327.2807128582,14102.5932894722,16539.8907485461,21204.0081810259,14514.2406135579,16683.3930629542,19034.1207062684,19171.2108164078,20162.7332078869,20290.5197094005,18383.5386974985
GDP per capita (current US$),NY.GDP.PCAP.CD,Tunisia,TUN,2211.8350154787,2253.03485218065,2344.39690730329,2760.40512203819,3111.3743813976,3193.20435786446,3369.92444259929,3776.33204636461,4307.58002263066,4128.46395929364,4344.61941760278,4479.92162893536,4361.68433825322,4444.84748811162,4543.9922759811,4094.84160230737
GDP per capita (current US$),NY.GDP.PCAP.CD,Turkiye,TUR,4337.47800296354,3142.92099774582,3687.95609325031,4760.1040190451,6101.63211660696,7456.2961006749,8101.85692374776,9791.88245001167,10941.172146426,9103.47405061243,10742.7749787626,11420.5554558378,11795.6334567571,12614.7816100386,12157.9904337823,11006.2795239649
GDP per capita (current US$),NY.GDP.PCAP.CD,Turkmenistan,TKM,643.175438078932,774.482151976644,967.887435334475,1283.90878153306,1453.91778376026,1704.41538021505,2136.47210126331,2600.36875786979,3904.46530148983,4036.45680478876,4439.20212759739,5649.96210595541,6675.17805486958,7304.28577118881,7962.24492480061,6432.68532538494
GDP per capita (current US$),NY.GDP.PCAP.CD,Turks and Caicos Islands,TCA, ,16625.488923904,15785.9625484288,16384.902431222,18181.0928900371,20533.1876086725,24559.1437027965,25457.9778165421,27650.1163461538,22020.3472896377,21029.6959397391,21839.0090198076,21345.0259782194,21715.3139665448,23778.5191258375,26183.8850440535
GDP per capita (current US$),NY.GDP.PCAP.CD,Tuvalu,TUV,1605.00548368643,1473.4158776561,1755.6899845215,2000.87563653523,2309.54008876591,2291.6382360298,2381.53642440884,2783.98102883968,3090.04815026872,2696.31644077602,3051.44007832192,3688.63745324045,3662.10165778331,3559.54408006796,3532.27831244697,3316.66452200309
GDP per capita (current US$),NY.GDP.PCAP.CD,Uganda,UGA,261.869141644962,239.473127019302,245.500040345771,254.301204311833,296.014267535995,333.731576250845,349.217100086696,403.66374462353,474.517949634028,799.965896333293,822.539372481326,832.569078212542,790.13145058384,810.090395014199,883.528744499561,847.267628934983
GDP per capita (current US$),NY.GDP.PCAP.CD,Ukraine,UKR,658.3486328125,807.801940917969,911.9111328125,1087.78564453125,1416.60375976563,1894.47082519531,2391.32397460938,3197.93432617188,4066.5478515625,2639.3916015625,3078.42993164063,3704.82495117188,4004.80444335938,4187.73974609375,3104.64331054688,2124.66235351563
GDP per capita (current US$),NY.GDP.PCAP.CD,United Arab Emirates,ARE,33291.3662541838,31280.7558649555,31567.5463066439,33499.1027760786,36333.1873330517,39365.4596409245,41907.4214695701,41809.4621626311,44498.9405069137,32024.1977823245,33893.2772453878,39194.6752665788,40976.4964159714,42412.6364911519,43751.8173110723,38663.388255736
GDP per capita (current US$),NY.GDP.PCAP.CD,United Kingdom,GBR,28223.0675706515,27806.4488245133,30049.8963232066,34487.4675722539,40371.7108259838,42132.0907219815,44654.0969208924,50653.2569148306,47549.3486286006,38952.2110262455,39688.6149684498,42284.8844902996,42686.8000524926,43713.8141242308,47787.2412984884,45404.5677734722
GDP per capita (current US$),NY.GDP.PCAP.CD,United States,USA,36329.9560727102,37133.623113437,37997.7596573051,39490.2749557007,41724.6316287624,44123.4070679055,46302.0008800056,48050.2237771135,48570.0459804586,47194.9433547336,48650.6431283336,50065.9665041742,51784.4185738837,53291.1276891406,55123.8497869046,56762.7294515989
GDP per capita (current US$),NY.GDP.PCAP.CD,Upper middle income,UMC,1971.42288015222,1964.54933863313,1962.96178694351,2181.08595446151,2595.0891462929,3095.98478470738,3652.25334911503,4493.65237669287,5443.19266403504,5205.20684713872,6300.08541246828,7556.48341993734,8031.9362100123,8551.33613541085,8746.2657033762,8149.75183997258
GDP per capita (current US$),NY.GDP.PCAP.CD,Uruguay,URY,6875.02546946372,6284.45968003773,4090.89188767265,3624.2056853979,4120.54420525002,5226.94409982496,5887.84516224163,7026.50305539297,9091.0790391692,9451.93244869934,11992.0237658273,14236.7149957359,15171.5801734227,16973.6892364718,16831.9481943721,15613.7459681824
GDP per capita (current US$),NY.GDP.PCAP.CD,Uzbekistan,UZB,558.226802377,456.706289511583,383.343067990742,396.377979026633,465.119886944025,546.776850185552,654.283837283285,830.407694204322,1082.28602501699,1213.26532816388,1742.34925645077,2051.12951516418,2267.62327535512,2419.71870345484,2628.46000757936,2753.97107219949
GDP per capita (current US$),NY.GDP.PCAP.CD,Vanuatu,VUT,1470.63586995743,1363.18505842973,1354.1002428918,1580.57563365273,1788.1222063639,1887.22657627559,2049.53280915594,2352.97325535727,2629.05312426194,2573.88901496178,2839.40634031798,3173.82202175008,2997.2934319817,2954.77451125652,2926.67995992932,2695.66618597973
"GDP per capita (current US$),NY.GDP.PCAP.CD,""Venezuela, RB"",VEN,4842.03660114822,4986.67578837167,3700.87974006377,3272.61502369118,4325.69675587558,5504.97724046148,6833.37891180263,8454.46953571021,11432.7459247258,11765.0997566078,13825.3571160818,10955.5380141821,12986.2226921492,12457.7686017666,16055.6453173826, "
GDP per capita (current US$),NY.GDP.PCAP.CD,Vietnam,VNM,390.093330934266,404.807861229282,430.052872413573,480.579834256949,546.909619010829,687.479727391611,784.372375930354,906.284229938514,1149.42449524183,1217.26858325766,1673.3292888042,1942.08701034555,2178.0431710646,2354.87411736109,2545.41676778941,2581.62244157361
GDP per capita (current US$),NY.GDP.PCAP.CD,Virgin Islands (U.S.),VIR, , ,30062.0225050457,31731.2566241187,35006.3614404514,40828.7460927775,41377.1466009652,44158.5054044325,39152.3750657306,38753.1825393897,39905.1284180994,38997.1373164651,37795.3192590675,34597.9766940328,33045.3643795999,34007.3529411765
GDP per capita (current US$),NY.GDP.PCAP.CD,West Bank and Gaza,PSE,1476.17185000238,1335.55319529359,1156.21747345769,1257.69857009689,1422.19088643544,1543.70141392774,1570.10439962728,1664.24571669276,2035.20234121766,2191.78178736868,2557.07562356699,2880.79843707909,3067.43872735614,3315.29753909282,3352.11259506043,3272.15432360708
GDP per capita (current US$),NY.GDP.PCAP.CD,World,WLD,5533.05296814631,5427.39118901622,5565.59251398012,6163.07895523448,6859.58398547951,7337.48982179067,7854.10439590898,8743.39603276206,9489.96601219516,8890.80114952314,9621.12828842617,10544.875810483,10648.2372249605,10815.5800128167,10976.383454178,10231.7025852204
"GDP per capita (current US$),NY.GDP.PCAP.CD,""Yemen, Rep."",YEM,554.448665276054,550.360364536532,579.853140602094,620.382725994575,709.96537880616,832.844198687909,921.418354862175,1017.29204849729,1229.24667476708,1116.08439603361,1334.78490225941,1374.62140060517,1446.53647172899,1607.15217325898,1674.00257166372,1601.80716299947"
GDP per capita (current US$),NY.GDP.PCAP.CD,Zambia,ZMB,345.689620749861,382.941035235257,382.241963342278,435.458199377947,538.591553038374,702.741118447779,1047.9188431217,1124.29058597692,1394.00049997193,1159.9074988341,1489.45908689417,1672.90753526193,1763.06944249903,1878.34681050661,1762.42781692474,1338.29092708188
GDP per capita (current US$),NY.GDP.PCAP.CD,Zimbabwe,ZWE,563.057504105969,568.386290532649,530.53044625893,478.007604434538,482.998451486038,476.555402524382,447.854739946441,431.787258728843,356.693234400305,771.599032295455,948.331481033457,1093.65340855817,1304.96801065699,1429.99846146678,1434.89627731806,1445.06970213198
,,,,,,,,,,,,,,,,,,,
,,,,,,,,,,,,,,,,,,,
,,,,,,,,,,,,,,,,,,,
Data from database: World Development Indicators,,,,,,,,,,,,,,,,,,,
Last Updated: 09/16/2022,,,,,,,,,,,,,,,,,,,
